Department,Entity,Pay Date,Product Family,Expense area,Supplier Name,Transaction Number,Net Amount
DESNZ,UKAEA,5/4/2023,Engineering Goods,Fusion,Aalco Limited,5127199,-749.88
DESNZ,UKAEA,13/04/2023,Engineering Goods,Fusion,Hidex Chemicals,5138360,"6,142.50"
DESNZ,UKAEA,26/04/2023,Hired Agency Staff - Rullion CMF/PO,Support Services,Rullion Engineering Ltd,5140534,"11,587.50"
DESNZ,UKAEA,20/04/2023,Research,Fusion,CNR Consiglio Nazionale delle Ricerche,5142240,"14,059.28"
DESNZ,UKAEA,17/04/2023,Personnel Related,Support Services,CGI IT UK Limited,5142815,731.5
DESNZ,UKAEA,17/04/2023,Personnel Related,Support Services,CGI IT UK Limited,5142816,"7,620.48"
DESNZ,UKAEA,24/04/2023,Facilities,Property,OCS Group UK Ltd,5143167,"1,973.20"
DESNZ,UKAEA,24/04/2023,Facilities,Fusion,OCS Group UK Ltd,5143169,"3,420.21"
DESNZ,UKAEA,24/04/2023,Facilities,Property,OCS Group UK Ltd,5143170,"2,104.75"
DESNZ,UKAEA,24/04/2023,Facilities,Property,OCS Group UK Ltd,5143171,"5,416.02"
DESNZ,UKAEA,24/04/2023,Facilities,Property,OCS Group UK Ltd,5143206,"2,098.43"
DESNZ,UKAEA,24/04/2023,Facilities,Property,OCS Group UK Ltd,5143207,598.53
DESNZ,UKAEA,24/04/2023,Facilities,Property,OCS Group UK Ltd,5143208,"10,718.32"
DESNZ,UKAEA,24/04/2023,Facilities,Fusion,OCS Group UK Ltd,5143521,"3,278.16"
DESNZ,UKAEA,26/04/2023,Engineering Goods,Other,APC Technology Group plc,5144199,"3,903.51"
DESNZ,UKAEA,26/04/2023,Engineering Goods,Other,APC Technology Group plc,5144200,"16,504.84"
DESNZ,UKAEA,17/04/2023,Personnel Related,Support Services,CGI IT UK Limited,5144743,"2,160.90"
DESNZ,UKAEA,13/04/2023,Learning and Development,Other,Safran Software Solutions AS,5144902,695
DESNZ,UKAEA,5/4/2023,Research,Other,HSE - Financial Operations,5145125,"-5,011.00"
DESNZ,UKAEA,5/4/2023,Engineering Goods,Fusion,Burckhardt Compression UK Ltd,5145296,"7,932.60"
DESNZ,UKAEA,5/4/2023,Engineering Goods,Fusion,Sundry Supplier,5145297,"1,197.00"
DESNZ,UKAEA,5/4/2023,ICT,Fusion,Comsol,5145300,"17,990.00"
DESNZ,UKAEA,5/4/2023,Engineering Goods,Fusion,Budget Forktrucks Ltd,5145305,736.67
DESNZ,UKAEA,5/4/2023,Engineering Goods,Property,Budget Forktrucks Ltd,5145306,"1,256.67"
DESNZ,UKAEA,5/4/2023,Engineering Goods,Fusion,RS Components Ltd,5145307,"3,144.00"
DESNZ,UKAEA,5/4/2023,Engineering Goods,Fusion,Budget Forktrucks Ltd,5145314,606.67
DESNZ,UKAEA,5/4/2023,Engineering Goods,Fusion,Budget Forktrucks Ltd,5145315,606.67
DESNZ,UKAEA,5/4/2023,Professional Services,Property,Oxford Innovation Ltd.,5145317,"7,399.20"
DESNZ,UKAEA,5/4/2023,Engineering Goods,Fusion,Anixter UK Ltd,5145320,912.4
DESNZ,UKAEA,5/4/2023,Professional Services,Property,Carter Jonas LLP,5145321,"1,500.00"
DESNZ,UKAEA,5/4/2023,Facilities,Other,SouthernsBroadstock Limited,5145323,"12,722.00"
DESNZ,UKAEA,5/4/2023,Research,Other,Frazer Nash Consultancy,5145326,"21,055.20"
DESNZ,UKAEA,5/4/2023,Construction,Property,Anixter UK Ltd,5145332,511
DESNZ,UKAEA,5/4/2023,Professional Services,Property,Blake Morgan LLP,5145335,"1,201.20"
DESNZ,UKAEA,5/4/2023,Professional Services,Property,Blake Morgan LLP,5145337,"2,001.80"
DESNZ,UKAEA,5/4/2023,Engineering Goods,Fusion,Farnell Electronic Components Ltd,5145342,"2,302.60"
DESNZ,UKAEA,5/4/2023,ICT,Other,Computacenter UK Ltd,5145344,"18,742.85"
DESNZ,UKAEA,5/4/2023,ICT,Fusion,Computacenter UK Ltd,5145345,"4,315.10"
DESNZ,UKAEA,5/4/2023,ICT,Fusion,Computacenter UK Ltd,5145346,"12,400.64"
DESNZ,UKAEA,5/4/2023,ICT,Fusion,Computacenter UK Ltd,5145349,"8,828.30"
DESNZ,UKAEA,5/4/2023,ICT,Property,Computacenter UK Ltd,5145350,"18,930.28"
DESNZ,UKAEA,5/4/2023,ICT,Fusion,Computacenter UK Ltd,5145351,"9,294.72"
DESNZ,UKAEA,5/4/2023,ICT,Other,Computacenter UK Ltd,5145352,"2,452.96"
DESNZ,UKAEA,5/4/2023,ICT,Other,Computacenter UK Ltd,5145353,"3,437.40"
DESNZ,UKAEA,5/4/2023,Professional Services,Property,Blake Morgan LLP,5145356,"2,347.40"
DESNZ,UKAEA,5/4/2023,Facilities,Fusion,CPS Ltd,5145360,"1,498.25"
DESNZ,UKAEA,5/4/2023,Facilities,Fusion,CPS Ltd,5145361,691.6
DESNZ,UKAEA,5/4/2023,Research,Other,HSE - Financial Operations,5145368,"9,432.00"
DESNZ,UKAEA,5/4/2023,Engineering Goods,Fusion,BSS Oxford,5145369,"6,247.06"
DESNZ,UKAEA,5/4/2023,Professional Services,Property,Oxford Innovation Ltd.,5145371,"-2,616.00"
DESNZ,UKAEA,5/4/2023,ICT,Fusion,Altair Engineering Ltd.,5145372,"15,450.00"
DESNZ,UKAEA,5/4/2023,Professional Services,Property,Oxford Innovation Ltd.,5145373,"5,150.40"
DESNZ,UKAEA,5/4/2023,Facilities,Fusion,Landwood Group,5145375,"7,594.53"
DESNZ,UKAEA,5/4/2023,Engineering Goods,Other,Beckhoff Automation Ltd,5145376,"1,689.93"
DESNZ,UKAEA,5/4/2023,Engineering Goods,Fusion,Icenta Controls Ltd,5145378,"2,586.00"
DESNZ,UKAEA,5/4/2023,Engineering Goods,Other,Air Science Technologies,5145384,796
DESNZ,UKAEA,5/4/2023,Engineering Goods,Fusion,RS Components Ltd,5145385,987.47
DESNZ,UKAEA,5/4/2023,Engineering Goods,Other,RS Components Ltd,5145387,573.86
DESNZ,UKAEA,5/4/2023,Professional Services,Fusion,Imperial College London - GBP,5145389,"67,388.83"
DESNZ,UKAEA,13/04/2023,Consultancy - Other (per Cabinet Office definition),Other,Capful Ltd,5145390,"10,000.00"
DESNZ,UKAEA,5/4/2023,Engineering Goods,Fusion,RS Components Ltd,5145394,"1,092.00"
DESNZ,UKAEA,5/4/2023,ICT,Fusion,Dell Corporation Ltd,5145398,"2,691.68"
DESNZ,UKAEA,5/4/2023,ICT,Fusion,Dell Corporation Ltd,5145398,"8,226.31"
DESNZ,UKAEA,6/4/2023,Engineering Goods,Fusion,BOC Ltd,5145400,"2,567.40"
DESNZ,UKAEA,6/4/2023,Engineering Goods,Fusion,BOC Ltd,5145401,781.47
DESNZ,UKAEA,5/4/2023,Engineering Goods,Fusion,FTI Ltd,5145404,"5,357.05"
DESNZ,UKAEA,5/4/2023,Fleet,Property,Rabbits Vehicle Hire,5145406,770
DESNZ,UKAEA,5/4/2023,Engineering Goods,Other,Condec Industrial Maintenance,5145408,750
DESNZ,UKAEA,6/4/2023,Engineering Goods,Fusion,RMB Contractors Limited,5145410,"1,789.53"
DESNZ,UKAEA,6/4/2023,Engineering Goods,Fusion,RMB Contractors Limited,5145411,"3,604.79"
DESNZ,UKAEA,6/4/2023,Communications,Fusion,RMB Contractors Limited,5145412,"16,896.47"
DESNZ,UKAEA,5/4/2023,Engineering Goods,Fusion,RS Components Ltd,5145413,"18,291.00"
DESNZ,UKAEA,5/4/2023,Engineering Goods,Fusion,RS Components Ltd,5145413,"32,146.46"
DESNZ,UKAEA,5/4/2023,Travel,Support Services,UNITAXI LTD,5145415,888.9
DESNZ,UKAEA,5/4/2023,Personnel Related,Support Services,Linkedin Ireland Unlimited Company,5145419,"5,640.00"
DESNZ,UKAEA,5/4/2023,Professional Services,Support Services,Resolution at Work Ltd,5145420,"12,335.00"
DESNZ,UKAEA,5/4/2023,Professional Services,Support Services,Unit 4 Business Software,5145421,"21,796.33"
DESNZ,UKAEA,5/4/2023,Engineering Goods,Fusion,A W Clarke,5145422,887.25
DESNZ,UKAEA,5/4/2023,Engineering Goods,Fusion,A W Clarke,5145423,"1,563.25"
DESNZ,UKAEA,5/4/2023,Engineering Goods,Fusion,A W Clarke,5145424,"8,482.95"
DESNZ,UKAEA,5/4/2023,Personnel Related,Support Services,Linkedin Ireland Unlimited Company,5145425,"13,851.00"
DESNZ,UKAEA,5/4/2023,Professional Services,Property,Carter Jonas LLP,5145431,"5,000.00"
DESNZ,UKAEA,5/4/2023,Engineering Goods,Other,CPS Ltd,5145432,"11,889.00"
DESNZ,UKAEA,5/4/2023,Professional Services,Other,Saffron Scientific Equipment Ltd,5145433,"17,891.04"
DESNZ,UKAEA,5/4/2023,Professional Services,Other,Saffron Scientific Equipment Ltd,5145434,"8,492.00"
DESNZ,UKAEA,5/4/2023,Professional Services,Other,Saffron Scientific Equipment Ltd,5145435,"35,177.38"
DESNZ,UKAEA,5/4/2023,ICT,Support Services,Computacenter UK Ltd,5145437,681.5
DESNZ,UKAEA,5/4/2023,Engineering Goods,Fusion,Machining Techology (Mach-Tech) Ltd,5145438,572.17
DESNZ,UKAEA,5/4/2023,ICT,Support Services,Sphera UK Ltd,5145446,"22,373.24"
DESNZ,UKAEA,5/4/2023,ICT,Support Services,Sphera UK Ltd,5145447,"7,458.00"
DESNZ,UKAEA,5/4/2023,Facilities,Other,University of Bristol,5145448,"8,000.00"
DESNZ,UKAEA,5/4/2023,Research,Other,Laser Additive Solutions Ltd,5145449,"23,795.00"
DESNZ,UKAEA,5/4/2023,Engineering Goods,Fusion,Lemo UK Ltd,5145450,836.9
DESNZ,UKAEA,5/4/2023,Research,Other,Laser Additive Solutions Ltd,5145451,"41,156.00"
DESNZ,UKAEA,5/4/2023,Research,Other,Laser Additive Solutions Ltd,5145452,"28,976.00"
DESNZ,UKAEA,5/4/2023,Research,Other,Full Matrix Ltd,5145453,"2,000.40"
DESNZ,UKAEA,5/4/2023,Research,Other,TWI Ltd,5145454,"31,358.24"
DESNZ,UKAEA,5/4/2023,Professional Services,Property,McBains Ltd,5145456,"10,053.00"
DESNZ,UKAEA,5/4/2023,Operational Goods,Fusion,Arco Ltd,5145462,"1,539.00"
DESNZ,UKAEA,5/4/2023,Facilities,Property,Baxter Storey Ltd.,5145464,-734.78
DESNZ,UKAEA,5/4/2023,Facilities,Property,Baxter Storey Ltd.,5145467,"3,645.00"
DESNZ,UKAEA,5/4/2023,ICT,Fusion,Oracle Corporation UK Limited,5145468,"15,507.65"
DESNZ,UKAEA,5/4/2023,Learning and Development,Support Services,Baker Bond & Green  Limited,5145472,"1,200.00"
DESNZ,UKAEA,5/4/2023,Engineering Goods,Fusion,3DGBIRE LTD,5145473,"4,577.60"
DESNZ,UKAEA,20/04/2023,ICT,Fusion,Thermo-Calc Software AB,5145476,"-8,052.38"
DESNZ,UKAEA,5/4/2023,Engineering Goods,Other,Mouser Electronics,5145478,506.16
DESNZ,UKAEA,5/4/2023,Engineering Goods,Fusion,Tacklestore Ltd TA Safety Lifting Gear,5145479,"2,312.00"
DESNZ,UKAEA,5/4/2023,Facilities,Property,RS Components Ltd,5145481,563.92
DESNZ,UKAEA,6/4/2023,Facilities,Property,Idverde Ltd,5145482,"1,515.00"
DESNZ,UKAEA,5/4/2023,Facilities,Property,Manufacturing Technology Centre,5145484,"17,560.82"
DESNZ,UKAEA,5/4/2023,ICT,Fusion,IP Workstations LTD,5145485,"1,220.00"
DESNZ,UKAEA,5/4/2023,Personnel Related,Support Services,WR Group Limited,5145486,"3,205.00"
DESNZ,UKAEA,5/4/2023,Personnel Related,Other,WR Group Limited,5145487,685
DESNZ,UKAEA,5/4/2023,Engineering Goods,Other,Fenn Tool Ltd,5145489,"2,227.02"
DESNZ,UKAEA,5/4/2023,Engineering Goods,Other,Manutan UK Limited,5145490,875
DESNZ,UKAEA,5/4/2023,Professional Services,Fusion,AS Scientific Products Ltd,5145491,"60,239.50"
DESNZ,UKAEA,24/04/2023,Facilities,Property,OCS Group UK Ltd,5145493,840.26
DESNZ,UKAEA,24/04/2023,Facilities,Property,OCS Group UK Ltd,5145493,"1,854.43"
DESNZ,UKAEA,24/04/2023,Facilities,Fusion,OCS Group UK Ltd,5145495,"3,514.52"
DESNZ,UKAEA,5/4/2023,Research,Fusion,Alan Browne Lapping Services Ltd,5145496,"1,210.00"
DESNZ,UKAEA,5/4/2023,Facilities,Fusion,RS Components Ltd,5145497,617.88
DESNZ,UKAEA,5/4/2023,Engineering Goods,Fusion,AS Scientific Products Ltd,5145500,"178,172.50"
DESNZ,UKAEA,5/4/2023,Professional Services,Support Services,Arthur J Gallagher Insurance Brokers Limited,5145501,"11,000.00"
DESNZ,UKAEA,5/4/2023,Engineering Goods,Fusion,Aalco Limited,5145502,"1,750.50"
DESNZ,UKAEA,6/4/2023,Facilities,Property,Inspectas Compliance Ltd,5145503,"74,364.00"
DESNZ,UKAEA,6/4/2023,Facilities,Property,Inspectas Compliance Ltd,5145504,"18,000.00"
DESNZ,UKAEA,6/4/2023,Facilities,Other,Nuvia Limited,5145505,"10,815.00"
DESNZ,UKAEA,5/4/2023,Engineering Goods,Fusion,AS Scientific Products Ltd,5145506,"13,925.00"
DESNZ,UKAEA,5/4/2023,Professional Services,Fusion,AS Scientific Products Ltd,5145507,"14,102.75"
DESNZ,UKAEA,5/4/2023,Engineering Goods,Other,Budget Forktrucks Ltd,5145509,-728
DESNZ,UKAEA,5/4/2023,Engineering Goods,Other,Budget Forktrucks Ltd,5145510,"1,011.00"
DESNZ,UKAEA,6/4/2023,Construction,Property,Ameresco Ltd,5145513,"107,073.22"
DESNZ,UKAEA,5/4/2023,ICT,Property,boxxe Limited,5145515,519.08
DESNZ,UKAEA,6/4/2023,Hired Agency Staff - Rullion CMF/PO,Fusion,Rullion Engineering Ltd,5145516,"6,567.71"
DESNZ,UKAEA,5/4/2023,Consultancy - Other (per Cabinet Office definition),Other,Oxford Global Projects UK Limited,5145517,"2,645.00"
DESNZ,UKAEA,5/4/2023,Travel,Property,Sundry Supplier,5145518,500
DESNZ,UKAEA,5/4/2023,Research,Fusion,National Physical Laboratory Management Ltd,5145519,"5,600.00"
DESNZ,UKAEA,5/4/2023,Engineering Goods,Fusion,Farnell Electronic Components Ltd,5145525,506.14
DESNZ,UKAEA,5/4/2023,Consultancy - Other (per Cabinet Office definition),Other,KPMG LLP,5145526,"20,000.00"
DESNZ,UKAEA,5/4/2023,Engineering Goods,Other,Machine Building Systems Ltd.,5145529,601.85
DESNZ,UKAEA,5/4/2023,Communications,Property,Manufacturing Technology Centre,5145530,"50,625.00"
DESNZ,UKAEA,5/4/2023,Logistics and Shipping,Property,Baxter Storey Ltd.,5145532,"4,505.00"
DESNZ,UKAEA,5/4/2023,Facilities,Property,Baxter Storey Ltd.,5145533,"48,738.74"
DESNZ,UKAEA,5/4/2023,Facilities,Property,Baxter Storey Ltd.,5145534,"70,471.80"
DESNZ,UKAEA,5/4/2023,Research,Other,Qdot Technology Ltd,5145535,"33,449.00"
DESNZ,UKAEA,5/4/2023,Research,Other,Qdot Technology Ltd,5145536,"39,477.00"
DESNZ,UKAEA,5/4/2023,Research,Other,3-Sci Ltd,5145537,"15,437.00"
DESNZ,UKAEA,5/4/2023,Research,Other,Frazer Nash Consultancy,5145538,"7,016.40"
DESNZ,UKAEA,6/4/2023,Research,Other,Jacobs U.K. Limited,5145539,"39,015.00"
DESNZ,UKAEA,5/4/2023,Research,Other,University Of Birmingham - GBP,5145540,"92,196.00"
DESNZ,UKAEA,5/4/2023,Engineering Goods,Other,Grip-Tec Limited,5145541,"21,866.78"
DESNZ,UKAEA,5/4/2023,Engineering Goods,Fusion,Electron Beam Processes Ltd,5145542,991.02
DESNZ,UKAEA,6/4/2023,Facilities,Other,Nuvia Limited,5145543,"10,950.00"
DESNZ,UKAEA,5/4/2023,ICT,Support Services,Ansys UK Ltd,5145545,996
DESNZ,UKAEA,5/4/2023,ICT,Support Services,Ansys UK Ltd,5145545,"8,964.00"
DESNZ,UKAEA,5/4/2023,Research,Other,Imperial College London - GBP,5145546,"-7,119.87"
DESNZ,UKAEA,5/4/2023,Learning and Development,Support Services,Skern Lodge Ltd.,5145547,"15,562.00"
DESNZ,UKAEA,5/4/2023,Learning and Development,Support Services,Skern Lodge Ltd.,5145547,"19,862.00"
DESNZ,UKAEA,5/4/2023,Research,Other,Imperial College London - GBP,5145548,"7,000.00"
DESNZ,UKAEA,6/4/2023,Engineering Goods,Other,Complete Storage & Interiors Ltd. (CSI),5145549,"1,079.80"
DESNZ,UKAEA,6/4/2023,Engineering Goods,Other,Complete Storage & Interiors Ltd. (CSI),5145550,908.34
DESNZ,UKAEA,5/4/2023,Engineering Goods,Property,RS Components Ltd,5145552,"2,357.36"
DESNZ,UKAEA,5/4/2023,Engineering Goods,Fusion,Qmx Laboratories Ltd,5145553,"2,576.25"
DESNZ,UKAEA,5/4/2023,Engineering Goods,Fusion,RS Components Ltd,5145556,712.58
DESNZ,UKAEA,5/4/2023,Professional Services,Support Services,Software limited t/a Co2Analysis,5145557,"23,000.00"
DESNZ,UKAEA,5/4/2023,Engineering Goods,Other,Byson Limited,5145559,"5,510.00"
DESNZ,UKAEA,5/4/2023,Engineering Goods,Fusion,IS-Instruments Ltd,5145561,"4,695.00"
DESNZ,UKAEA,5/4/2023,ICT,Other,Third Eye Consulting Group Limited,5145562,"9,997.50"
DESNZ,UKAEA,5/4/2023,Engineering Goods,Fusion,Tescan-UK Ltd,5145563,"483,500.00"
DESNZ,UKAEA,5/4/2023,Professional Services,Property,Glanville Consultants,5145565,"11,282.00"
DESNZ,UKAEA,5/4/2023,Engineering Goods,Fusion,Schneider Electric Systems UK Limited,5145566,"3,859.84"
DESNZ,UKAEA,5/4/2023,ICT,Other,Third Eye Consulting Group Limited,5145567,"5,000.00"
DESNZ,UKAEA,5/4/2023,Engineering Goods,Fusion,XIMEA GmbH,5145568,"3,055.65"
DESNZ,UKAEA,5/4/2023,Research,Fusion,Loughborough University,5145569,"1,392.00"
DESNZ,UKAEA,5/4/2023,Engineering Goods,Fusion,LR Engineering,5145570,577.5
DESNZ,UKAEA,5/4/2023,Research,Fusion,Gencoa Ltd,5145571,"6,600.00"
DESNZ,UKAEA,5/4/2023,Research,Fusion,Ansaldo Nuclear Limited,5145573,"110,078.62"
DESNZ,UKAEA,5/4/2023,Travel,Other,Aachen Institute for Nuclear Training Gmbh,5145574,"1,307.75"
DESNZ,UKAEA,5/4/2023,Professional Services,Fusion,Frazer Nash Consultancy,5145575,"10,000.00"
DESNZ,UKAEA,5/4/2023,Operational Goods,Fusion,Arco Ltd,5145577,964.4
DESNZ,UKAEA,5/4/2023,Engineering Goods,Other,Go 2 Programming Ltd,5145578,"3,400.00"
DESNZ,UKAEA,5/4/2023,ICT,Other,Go 2 Programming Ltd,5145578,"5,000.00"
DESNZ,UKAEA,5/4/2023,ICT,Fusion,Computacenter UK Ltd,5145579,"1,831.93"
DESNZ,UKAEA,5/4/2023,ICT,Fusion,Computacenter UK Ltd,5145580,"1,085.12"
DESNZ,UKAEA,5/4/2023,Engineering Goods,Property,Edmundson Electricals Ltd,5145584,768.74
DESNZ,UKAEA,5/4/2023,ICT,Fusion,Computacenter UK Ltd,5145587,"5,495.79"
DESNZ,UKAEA,5/4/2023,ICT,Other,Computacenter UK Ltd,5145587,"18,319.30"
DESNZ,UKAEA,6/4/2023,Engineering Goods,Fusion,Cool-Therm (UK) Limited,5145588,"4,885.00"
DESNZ,UKAEA,5/4/2023,Facilities,Property,Trinity Fire & Security Systems Ltd,5145590,"7,620.92"
DESNZ,UKAEA,5/4/2023,Facilities,Property,Trinity Fire & Security Systems Ltd,5145591,"1,828.21"
DESNZ,UKAEA,5/4/2023,Facilities,Property,Trinity Fire & Security Systems Ltd,5145592,"5,047.36"
DESNZ,UKAEA,5/4/2023,Engineering Goods,Fusion,Metro Engineering And Plating Works,5145593,"1,440.78"
DESNZ,UKAEA,5/4/2023,Research,Fusion,University of Bristol,5145594,"141,048.00"
DESNZ,UKAEA,5/4/2023,Professional Services,Fusion,Frazer Nash Consultancy,5145595,"14,444.00"
DESNZ,UKAEA,5/4/2023,Learning and Development,Property,Compass Contract Services (UK) Ltd,5145598,"3,225.00"
DESNZ,UKAEA,5/4/2023,Learning and Development,Support Services,Premier People Solutions T/A Premier Partnership,5145599,"4,464.30"
DESNZ,UKAEA,5/4/2023,Engineering Goods,Fusion,Open University,5145601,"8,692.00"
DESNZ,UKAEA,5/4/2023,Engineering Goods,Fusion,Lemo UK Ltd,5145602,842
DESNZ,UKAEA,5/4/2023,Engineering Goods,Fusion,IS-Rayfast Ltd,5145604,"5,333.67"
DESNZ,UKAEA,5/4/2023,ICT,Fusion,Amplicon Liveline Ltd,5145606,"2,414.59"
DESNZ,UKAEA,5/4/2023,ICT,Property,Network Installation Solutions Ltd,5145610,"2,450.00"
DESNZ,UKAEA,5/4/2023,ICT,Other,Network Installation Solutions Ltd,5145612,520
DESNZ,UKAEA,5/4/2023,Learning and Development,Other,Burge Hughes Walsh Limited,5145613,"3,881.25"
DESNZ,UKAEA,5/4/2023,ICT,Property,Network Installation Solutions Ltd,5145614,"14,790.00"
DESNZ,UKAEA,5/4/2023,ICT,Property,Network Installation Solutions Ltd,5145615,"6,045.00"
DESNZ,UKAEA,5/4/2023,ICT,Property,Network Installation Solutions Ltd,5145617,"1,200.00"
DESNZ,UKAEA,5/4/2023,ICT,Property,Network Installation Solutions Ltd,5145618,"3,525.00"
DESNZ,UKAEA,5/4/2023,ICT,Property,boxxe Limited,5145619,"19,250.00"
DESNZ,UKAEA,6/4/2023,Construction,Other,Optimum Electrical Engineering Limited,5145620,"8,958.01"
DESNZ,UKAEA,6/4/2023,Construction,Other,Optimum Electrical Engineering Limited,5145620,"93,135.87"
DESNZ,UKAEA,5/4/2023,Research,Fusion,The University Of Sheffield,5145621,723.86
DESNZ,UKAEA,5/4/2023,Learning and Development,Other,The Active Bystander Training Company Ltd,5145627,"1,400.00"
DESNZ,UKAEA,5/4/2023,Learning and Development,Support Services,Proactive UK Ltd,5145628,745
DESNZ,UKAEA,5/4/2023,Professional Services,Other,Atkins Ltd,5145630,"14,999.72"
DESNZ,UKAEA,6/4/2023,Engineering Goods,Fusion,BOC Ltd,5145633,513.7
DESNZ,UKAEA,5/4/2023,Operational Goods,Support Services,Make Up or Break Up Limited,5145634,601.38
DESNZ,UKAEA,5/4/2023,Consultancy - Other (per Cabinet Office definition),Fusion,Atkins Ltd,5145636,"86,000.00"
DESNZ,UKAEA,5/4/2023,Research,Fusion,Oxford Sigma Limited,5145637,"15,704.00"
DESNZ,UKAEA,5/4/2023,Engineering Goods,Other,BPX Electromechanical Company Limited,5145638,737.56
DESNZ,UKAEA,5/4/2023,Facilities,Other,TWI Ltd,5145639,"52,999.10"
DESNZ,UKAEA,5/4/2023,Research,Other,University of Bristol,5145640,"37,607.67"
DESNZ,UKAEA,5/4/2023,Learning and Development,Support Services,Proactive Technical Training,5145642,745
DESNZ,UKAEA,5/4/2023,Research,Fusion,Oxford Sigma Limited,5145643,"15,104.00"
DESNZ,UKAEA,5/4/2023,Professional Services,Property,Burges Salmon,5145644,"20,380.00"
DESNZ,UKAEA,5/4/2023,Research,Fusion,University of Surrey - Surrey Ion Beam Centre,5145647,"3,600.00"
DESNZ,UKAEA,5/4/2023,Engineering Goods,Fusion,Torion Plasma Corporation,5145648,"18,316.51"
DESNZ,UKAEA,5/4/2023,Engineering Goods,Fusion,Custom Profiles Ltd,5145649,"4,200.00"
DESNZ,UKAEA,5/4/2023,Engineering Goods,Other,Rittal Limited,5145650,"1,455.86"
DESNZ,UKAEA,5/4/2023,Engineering Goods,Fusion,UK Forum for Engineering Structural Integrity (FESI),5145651,583.3
DESNZ,UKAEA,5/4/2023,Research,Fusion,Atkins Ltd,5145652,"7,951.00"
DESNZ,UKAEA,5/4/2023,Research,Fusion,Atkins Ltd,5145653,"7,951.00"
DESNZ,UKAEA,5/4/2023,Professional Services,Property,Carter Jonas LLP,5145656,"52,394.77"
DESNZ,UKAEA,5/4/2023,Facilities,Property,South Oxfordshire District Council,5145657,"94,208.00"
DESNZ,UKAEA,5/4/2023,Facilities,Property,South Oxfordshire District Council,5145658,"84,992.00"
DESNZ,UKAEA,5/4/2023,Professional Services,Other,Burges Salmon,5145659,"4,600.00"
DESNZ,UKAEA,5/4/2023,Engineering Goods,Fusion,Darvick Ltd,5145660,"8,215.00"
DESNZ,UKAEA,5/4/2023,Engineering Goods,Fusion,Darvick Ltd,5145661,"3,249.00"
DESNZ,UKAEA,5/4/2023,Research,Other,Duality Quantum Photonics Ltd,5145662,"76,419.00"
DESNZ,UKAEA,5/4/2023,Engineering Goods,Other,DMG MORI UK LIMITED,5145664,"12,133.10"
DESNZ,UKAEA,5/4/2023,Engineering Goods,Other,DMG MORI UK LIMITED,5145665,"5,957.50"
DESNZ,UKAEA,5/4/2023,Facilities,Property,Trinity Fire & Security Systems Ltd,5145668,"7,339.88"
DESNZ,UKAEA,5/4/2023,Engineering Goods,Other,DMG MORI UK LIMITED,5145669,"35,745.00"
DESNZ,UKAEA,5/4/2023,Engineering Goods,Fusion,National Instruments Ltd,5145670,"16,923.22"
DESNZ,UKAEA,5/4/2023,Engineering Goods,Other,DMG MORI UK LIMITED,5145671,"72,798.60"
DESNZ,UKAEA,5/4/2023,Engineering Goods,Fusion,Thorlabs Ltd,5145672,"15,718.66"
DESNZ,UKAEA,5/4/2023,Engineering Goods,Fusion,RS Components Ltd,5145673,"2,334.00"
DESNZ,UKAEA,5/4/2023,Engineering Goods,Fusion,RS Components Ltd,5145673,"7,198.30"
DESNZ,UKAEA,5/4/2023,ICT,Fusion,Computacenter UK Ltd,5145674,652.64
DESNZ,UKAEA,5/4/2023,ICT,Fusion,Computacenter UK Ltd,5145676,"2,949.48"
DESNZ,UKAEA,5/4/2023,Engineering Goods,Fusion,RS Components Ltd,5145679,"1,124.00"
DESNZ,UKAEA,5/4/2023,ICT,Other,Hewlett Packard,5145681,"427,177.06"
DESNZ,UKAEA,5/4/2023,ICT,Property,Hewlett Packard,5145681,"509,892.94"
DESNZ,UKAEA,6/4/2023,Professional Services,Other,Jacobs U.K. Limited,5145682,"48,330.82"
DESNZ,UKAEA,5/4/2023,Engineering Goods,Fusion,National Instruments Ltd,5145683,"20,249.16"
DESNZ,UKAEA,5/4/2023,Consultancy - Other (per Cabinet Office definition),Other,Frazer Nash Consultancy,5145684,"14,796.00"
DESNZ,UKAEA,6/4/2023,Facilities,Fusion,SPIE Limited,5145685,"33,002.88"
DESNZ,UKAEA,5/4/2023,Professional Services,Fusion,Elytt Energy SL,5145686,"50,000.00"
DESNZ,UKAEA,5/4/2023,ICT,Property,Computacenter UK Ltd,5145688,"1,735.83"
DESNZ,UKAEA,6/4/2023,Facilities,Fusion,SPIE Limited,5145689,"3,520.00"
DESNZ,UKAEA,5/4/2023,Professional Services,Fusion,Elytt Energy SL,5145690,"5,032.06"
DESNZ,UKAEA,5/4/2023,Learning and Development,Fusion,Synergie Training,5145691,"1,795.00"
DESNZ,UKAEA,5/4/2023,ICT,Support Services,National Instruments Ltd,5145693,"79,800.00"
DESNZ,UKAEA,6/4/2023,Facilities,Property,SPIE Limited,5145694,"10,403.55"
DESNZ,UKAEA,6/4/2023,Facilities,Property,SPIE Limited,5145695,"163,484.20"
DESNZ,UKAEA,6/4/2023,Facilities,Property,SPIE Limited,5145696,"68,924.74"
DESNZ,UKAEA,5/4/2023,Facilities,Fusion,Element Digital Engineering Ltd,5145697,"12,332.14"
DESNZ,UKAEA,5/4/2023,Facilities,Fusion,Element Digital Engineering Ltd,5145697,"12,332.14"
DESNZ,UKAEA,5/4/2023,Learning and Development,Support Services,Planit Software Ltd.,5145698,"2,640.00"
DESNZ,UKAEA,5/4/2023,Engineering Goods,Fusion,Crowcon Detection Instruments Ltd,5145699,"1,957.70"
DESNZ,UKAEA,5/4/2023,Professional Services,Property,Blake Morgan LLP,5145700,"3,284.50"
DESNZ,UKAEA,5/4/2023,Professional Services,Property,Blake Morgan LLP,5145701,"8,390.20"
DESNZ,UKAEA,5/4/2023,Engineering Goods,Fusion,RS Components Ltd,5145703,"13,179.36"
DESNZ,UKAEA,5/4/2023,Learning and Development,Fusion,Swagelok London,5145704,"3,500.00"
DESNZ,UKAEA,5/4/2023,Learning and Development,Fusion,Swagelok London,5145704,"4,150.00"
DESNZ,UKAEA,5/4/2023,Research,Other,Astral Neutronics Ltd,5145705,"20,000.00"
DESNZ,UKAEA,5/4/2023,Research,Other,Astral Neutronics Ltd,5145706,"59,038.00"
DESNZ,UKAEA,5/4/2023,Professional Services,Fusion,Burges Salmon,5145707,"97,736.70"
DESNZ,UKAEA,5/4/2023,Professional Services,Fusion,Burges Salmon,5145708,"7,406.00"
DESNZ,UKAEA,5/4/2023,Engineering Goods,Fusion,Manufacturing Technology Centre,5145711,"16,000.00"
DESNZ,UKAEA,5/4/2023,Professional Services,Property,Manufacturing Technology Centre,5145712,"49,350.00"
DESNZ,UKAEA,5/4/2023,Engineering Goods,Other,Underwoods Electrical Distributors,5145714,619.04
DESNZ,UKAEA,5/4/2023,Engineering Goods,Fusion,Inficon Ltd.,5145716,"7,914.00"
DESNZ,UKAEA,5/4/2023,Engineering Goods,Other,CPS Ltd,5145717,"42,710.00"
DESNZ,UKAEA,5/4/2023,Engineering Goods,Other,Pipaway Engineering Ltd,5145720,500
DESNZ,UKAEA,5/4/2023,Research,Other,Castings Technology International Ltd,5145721,"60,843.60"
DESNZ,UKAEA,5/4/2023,ICT,Fusion,Aztex Solutions Ltd,5145723,"6,695.00"
DESNZ,UKAEA,6/4/2023,Professional Services,Fusion,Jacobs U.K. Limited,5145724,"72,080.00"
DESNZ,UKAEA,5/4/2023,Learning and Development,Property,thinkproject UK Limited,5145727,500
DESNZ,UKAEA,5/4/2023,Engineering Goods,Fusion,Sundry Supplier,5145728,"4,855.00"
DESNZ,UKAEA,5/4/2023,Engineering Goods,Fusion,Mouser Electronics,5145729,"5,812.47"
DESNZ,UKAEA,5/4/2023,ICT,Other,Network Installation Solutions Ltd,5145730,"5,125.00"
DESNZ,UKAEA,5/4/2023,ICT,Property,Snelling Business Systems Limited,5145731,"3,224.00"
DESNZ,UKAEA,5/4/2023,Engineering Goods,Fusion,Photonic Science Limited,5145732,"19,798.40"
DESNZ,UKAEA,6/4/2023,Hired Agency Staff - Rullion CMF/PO,Support Services,Rullion Engineering Ltd,5145734,"3,733.75"
DESNZ,UKAEA,5/4/2023,Engineering Goods,Fusion,Eurotherm Ltd,5145738,933
DESNZ,UKAEA,6/4/2023,Engineering Goods,Fusion,Jacobs Clean Energy Ltd - GBP,5145739,"110,790.80"
DESNZ,UKAEA,6/4/2023,Engineering Goods,Fusion,Jacobs Clean Energy Ltd - GBP,5145739,"486,091.70"
DESNZ,UKAEA,6/4/2023,Engineering Goods,Fusion,BOC Ltd,5145741,773.8
DESNZ,UKAEA,5/4/2023,Engineering Goods,Fusion,Netzsch Gerätebau GmbH,5145787,"434,595.00"
DESNZ,UKAEA,6/4/2023,Hired Agency Staff - Rullion CMF/PO,Fusion,Rullion Engineering Ltd,5145795,"4,352.15"
DESNZ,UKAEA,5/4/2023,Professional Services,Fusion,DBD Limited,5145796,"132,054.13"
DESNZ,UKAEA,5/4/2023,Engineering Goods,Fusion,Mirion Technologies (Canberra UK) Limited,5145801,"14,320.00"
DESNZ,UKAEA,5/4/2023,Engineering Goods,Fusion,Mirion Technologies (Canberra UK) Limited,5145802,"10,952.00"
DESNZ,UKAEA,5/4/2023,Engineering Goods,Fusion,ABB Ltd,5145803,"33,214.10"
DESNZ,UKAEA,5/4/2023,Engineering Goods,Fusion,AC Precision Engineering Ltd,5145804,"14,520.94"
DESNZ,UKAEA,5/4/2023,Engineering Goods,Fusion,Archer Technicoat Ltd,5145805,"4,425.00"
DESNZ,UKAEA,5/4/2023,Facilities,Fusion,Archer Technicoat Ltd,5145806,"4,000.00"
DESNZ,UKAEA,5/4/2023,ICT,Property,Asite Solutions Ltd,5145818,"31,800.00"
DESNZ,UKAEA,5/4/2023,Engineering Goods,Other,Safety Storage Systems Ltd,5145819,"6,400.00"
DESNZ,UKAEA,5/4/2023,Learning and Development,Support Services,Premier People Solutions T/A Premier Partnership,5145829,895
DESNZ,UKAEA,5/4/2023,Operational Goods,Fusion,VERNACARE LIMITED,5145831,764.16
DESNZ,UKAEA,5/4/2023,Professional Services,Support Services,Burges Salmon,5145836,"4,125.00"
DESNZ,UKAEA,5/4/2023,Engineering Goods,Fusion,S&D Non-Ferrous Stockholders Ltd,5145838,700
DESNZ,UKAEA,5/4/2023,Professional Services,Support Services,Managing For Quality Ltd (Mfq),5145839,"1,700.00"
DESNZ,UKAEA,5/4/2023,Professional Services,Property,Glanville Consultants,5145842,"1,500.00"
DESNZ,UKAEA,5/4/2023,Engineering Goods,Fusion,RS Components Ltd,5145850,"3,388.00"
DESNZ,UKAEA,5/4/2023,Engineering Goods,Fusion,RS Components Ltd,5145858,763.27
DESNZ,UKAEA,5/4/2023,Research,Fusion,University of Bristol,5145863,"75,000.00"
DESNZ,UKAEA,5/4/2023,Engineering Goods,Fusion,City Electrical Factors,5145872,"1,752.26"
DESNZ,UKAEA,5/4/2023,Professional Services,Fusion,Frazer Nash Consultancy,5145873,"30,000.00"
DESNZ,UKAEA,5/4/2023,Facilities,Fusion,Amber Integrated Controls & Automation Ltd.,5145877,"30,820.00"
DESNZ,UKAEA,5/4/2023,Facilities,Property,Dyaco Uk Ltd,5145882,548.5
DESNZ,UKAEA,5/4/2023,Engineering Goods,Property,City Electrical Factors,5145884,"1,779.73"
DESNZ,UKAEA,5/4/2023,Engineering Goods,Other,Byson Limited,5145885,704
DESNZ,UKAEA,5/4/2023,Engineering Goods,Property,City Electrical Factors,5145887,990
DESNZ,UKAEA,5/4/2023,Professional Services,Fusion,HM Treasury T/A Government Internal Audit Service,5145888,"3,154.00"
DESNZ,UKAEA,5/4/2023,Professional Services,Other,HM Treasury T/A Government Internal Audit Service,5145888,"1,498.04"
DESNZ,UKAEA,5/4/2023,Engineering Goods,Other,HM Treasury T/A Government Internal Audit Service,5145888,"3,198.32"
DESNZ,UKAEA,5/4/2023,Learning and Development,Fusion,Sundry Supplier,5145889,570
DESNZ,UKAEA,5/4/2023,Communications,Other,John Lawrence Photographer,5145895,600
DESNZ,UKAEA,5/4/2023,Communications,Other,Sundry Supplier,5145896,"1,425.00"
DESNZ,UKAEA,5/4/2023,Communications,Other,Sundry Supplier,5145896,"1,640.00"
DESNZ,UKAEA,5/4/2023,Engineering Goods,Fusion,LaVision UK Ltd.,5145898,"1,375.00"
DESNZ,UKAEA,5/4/2023,Communications,Property,Fisher Studio Ltd,5145900,550
DESNZ,UKAEA,5/4/2023,ICT,Support Services,Computacenter UK Ltd,5145902,"26,386.80"
DESNZ,UKAEA,5/4/2023,Professional Services,Other,Turner & Townsend Project Management Limited,5145905,"13,085.88"
DESNZ,UKAEA,5/4/2023,Professional Services,Fusion,Atkins Ltd,5145908,"35,612.10"
DESNZ,UKAEA,6/4/2023,Hired Agency Staff - Rullion CMF/PO,Support Services,Rullion Engineering Ltd,5145909,"2,479.36"
DESNZ,UKAEA,5/4/2023,Facilities,Fusion,Assystem UK Limited,5145910,"6,600.00"
DESNZ,UKAEA,5/4/2023,Learning and Development,Support Services,Premier People Solutions T/A Premier Partnership,5145912,895
DESNZ,UKAEA,5/4/2023,Logistics and Shipping,Other,Pick-it NV,5145914,"7,902.36"
DESNZ,UKAEA,5/4/2023,Engineering Goods,Other,Pick-it NV,5145914,"30,463.08"
DESNZ,UKAEA,5/4/2023,ICT,Fusion,SmartUQ LLC,5145920,"13,467.45"
DESNZ,UKAEA,12/4/2023,Engineering Goods,Fusion,RS Components Ltd,5145923,923.99
DESNZ,UKAEA,12/4/2023,Professional Services,Fusion,RCD Lockinge Ltd,5145927,"2,258.92"
DESNZ,UKAEA,12/4/2023,Operational Goods,Other,RCD Lockinge Ltd,5145928,"1,429.28"
DESNZ,UKAEA,12/4/2023,Professional Services,Property,Oxford Innovation Ltd.,5145931,"6,916.00"
DESNZ,UKAEA,12/4/2023,Engineering Goods,Fusion,Lee Spring Ltd,5145934,"1,089.72"
DESNZ,UKAEA,12/4/2023,Learning and Development,Other,QA ltd,5145935,995
DESNZ,UKAEA,12/4/2023,Learning and Development,Other,QA ltd,5145935,995
DESNZ,UKAEA,12/4/2023,Facilities,Property,Trinity Fire & Security Systems Ltd,5145936,"10,676.69"
DESNZ,UKAEA,12/4/2023,Professional Services,Fusion,DBD Limited,5145937,"69,392.25"
DESNZ,UKAEA,12/4/2023,Professional Services,Fusion,Brunel University London,5145939,"16,000.00"
DESNZ,UKAEA,13/04/2023,Engineering Goods,Other,PWB Encoders GMBH,5145943,891.11
DESNZ,UKAEA,12/4/2023,Engineering Goods,Other,Budget Forktrucks Ltd,5145946,"1,256.67"
DESNZ,UKAEA,12/4/2023,Engineering Goods,Fusion,RS Components Ltd,5145949,546.19
DESNZ,UKAEA,12/4/2023,Professional Services,Other,HM Treasury T/A Government Internal Audit Service,5145952,840.72
DESNZ,UKAEA,12/4/2023,Engineering Goods,Other,Connextion Developments Ltd,5145953,536.84
DESNZ,UKAEA,12/4/2023,Research,Fusion,National Composites Centre Operations Limited,5145955,"14,853.57"
DESNZ,UKAEA,6/4/2023,Engineering Goods,Other,BOC Ltd,5145958,552
DESNZ,UKAEA,12/4/2023,Professional Services,Fusion,Jacobs U.K. Limited,5145963,"54,080.00"
DESNZ,UKAEA,12/4/2023,Engineering Goods,Fusion,RS Components Ltd,5145965,"1,881.15"
DESNZ,UKAEA,12/4/2023,Professional Services,Fusion,Jacobs U.K. Limited,5145966,"24,998.90"
DESNZ,UKAEA,12/4/2023,Professional Services,Fusion,Jacobs U.K. Limited,5145967,"6,249.72"
DESNZ,UKAEA,12/4/2023,Engineering Goods,Fusion,Multipix Imaging Ltd,5145968,"35,778.00"
DESNZ,UKAEA,12/4/2023,Facilities,Fusion,Hydroblast,5145969,690
DESNZ,UKAEA,12/4/2023,Construction,Support Services,Altrad Babcock Limited,5145970,"2,286.74"
DESNZ,UKAEA,12/4/2023,Construction,Support Services,Altrad Babcock Limited,5145971,"2,792.05"
DESNZ,UKAEA,12/4/2023,Engineering Goods,Other,FISHERSCIENTIFIC,5145978,979.69
DESNZ,UKAEA,12/4/2023,Learning and Development,Other,Media First Ltd,5145981,"4,479.25"
DESNZ,UKAEA,12/4/2023,Engineering Goods,Fusion,Mouser Electronics,5145982,"1,538.11"
DESNZ,UKAEA,12/4/2023,Construction,Support Services,Altrad Babcock Limited,5145983,854.81
DESNZ,UKAEA,12/4/2023,Engineering Goods,Fusion,Arco Ltd,5145986,798.3
DESNZ,UKAEA,12/4/2023,Professional Services,Fusion,Pelican Software Ltd,5145988,"6,277.93"
DESNZ,UKAEA,12/4/2023,Facilities,Property,Baxter Storey Ltd.,5145990,"7,273.37"
DESNZ,UKAEA,12/4/2023,Learning and Development,Support Services,Cranfield University,5145991,"1,215.00"
DESNZ,UKAEA,12/4/2023,Learning and Development,Other,Premier People Solutions T/A Premier Partnership,5145995,"19,437.00"
DESNZ,UKAEA,12/4/2023,Engineering Goods,Other,NSG Environmental Ltd,5145997,"57,699.48"
DESNZ,UKAEA,12/4/2023,Energy and Fuels,Fusion,EDF Energy,5145999,"190,332.11"
DESNZ,UKAEA,12/4/2023,Engineering Goods,Other,Aquila Nuclear Engineering Ltd,5146000,"109,959.29"
DESNZ,UKAEA,12/4/2023,Facilities,Support Services,BWT UK Limited,5146003,"1,097.40"
DESNZ,UKAEA,12/4/2023,Facilities,Support Services,BWT UK Limited,5146004,876.32
DESNZ,UKAEA,12/4/2023,Engineering Goods,Other,Edmundson Electricals Ltd,5146009,592.46
DESNZ,UKAEA,12/4/2023,Facilities,Fusion,SPIE Limited,5146010,"46,883.65"
DESNZ,UKAEA,12/4/2023,Facilities,Property,SPIE Limited,5146010,"-7,701.57"
DESNZ,UKAEA,12/4/2023,Facilities,Property,SPIE Limited,5146010,"28,825.62"
DESNZ,UKAEA,12/4/2023,Facilities,Property,SPIE Limited,5146010,"45,812.34"
DESNZ,UKAEA,12/4/2023,Facilities,Property,SPIE Limited,5146010,"52,069.17"
DESNZ,UKAEA,12/4/2023,Engineering Goods,Fusion,BOC Ltd,5146012,"1,420.21"
DESNZ,UKAEA,12/4/2023,Professional Services,Property,Planning Portal Quest Limited,5146016,"6,038.20"
DESNZ,UKAEA,12/4/2023,Facilities,Fusion,Securitas Security Services,5146017,"12,936.56"
DESNZ,UKAEA,12/4/2023,Facilities,Property,Baxter Storey Ltd.,5146018,"21,834.94"
DESNZ,UKAEA,12/4/2023,ICT,Property,Computacenter UK Ltd,5146020,"13,855.46"
DESNZ,UKAEA,12/4/2023,Research,Fusion,University of York - GBP,5146022,"48,876.25"
DESNZ,UKAEA,19/04/2023,Engineering Goods,Other,BOC Ltd,5146026,600.4
DESNZ,UKAEA,12/4/2023,Learning and Development,Other,AS Scientific Products Ltd,5146028,"2,140.00"
DESNZ,UKAEA,12/4/2023,Engineering Goods,Fusion,Deister electronic (UK) Ltd,5146032,"9,935.75"
DESNZ,UKAEA,12/4/2023,Engineering Goods,Fusion,Acres Engineering Ltd,5146033,"3,636.58"
DESNZ,UKAEA,19/04/2023,Engineering Goods,Fusion,BOC Ltd,5146038,"87,993.04"
DESNZ,UKAEA,17/04/2023,Engineering Goods,Other,BD Nuclear Ltd,5146039,"19,440.00"
DESNZ,UKAEA,17/04/2023,Travel,Fusion,Leasedrive Rental Management Ltd,5146051,950.32
DESNZ,UKAEA,17/04/2023,Personnel Related,Support Services,WR Group Limited,5146056,"1,780.00"
DESNZ,UKAEA,19/04/2023,Construction,Other,Optimum Electrical Engineering Limited,5146060,"125,919.40"
DESNZ,UKAEA,17/04/2023,Engineering Goods,Other,Leica Microsystems UK Limited,5146061,"2,817.90"
DESNZ,UKAEA,17/04/2023,Research,Fusion,Atkins Ltd,5146063,"-7,546.00"
DESNZ,UKAEA,17/04/2023,Professional Services,Fusion,Burges Salmon,5146064,"17,776.00"
DESNZ,UKAEA,17/04/2023,Professional Services,Property,Ridge And Partners Llp,5146065,"3,855.00"
DESNZ,UKAEA,13/04/2023,Facilities,Other,Herobots,5146067,"10,000.00"
DESNZ,UKAEA,13/04/2023,Facilities,Other,Herobots,5146067,"10,000.00"
DESNZ,UKAEA,17/04/2023,Personnel Related,Other,WR Group Limited,5146069,"1,120.00"
DESNZ,UKAEA,18/04/2023,Logistics and Shipping,Fusion,Sundry Supplier,5146070,"5,104.15"
DESNZ,UKAEA,17/04/2023,Facilities,Fusion,ICS Cool Energy Ltd,5146071,910
DESNZ,UKAEA,17/04/2023,Engineering Goods,Other,RCB Logic Limited,5146072,"4,552.44"
DESNZ,UKAEA,17/04/2023,Engineering Goods,Fusion,Vat Vacuum Products Ltd,5146079,"13,400.00"
DESNZ,UKAEA,17/04/2023,Operational Goods,Fusion,Zuna Web Limited,5146082,"1,975.00"
DESNZ,UKAEA,17/04/2023,Research,Fusion,University of Southampton,5146083,"2,540.14"
DESNZ,UKAEA,17/04/2023,Professional Services,Support Services,Managing For Quality Ltd (Mfq),5146089,"1,020.00"
DESNZ,UKAEA,17/04/2023,Engineering Goods,Fusion,Laser Micromachining Limited,5146091,690
DESNZ,UKAEA,17/04/2023,Consultancy - Other (per Cabinet Office definition),Fusion,Atkins Ltd,5146095,"5,747.78"
DESNZ,UKAEA,19/04/2023,Facilities,Property,Graham Asset Management Ltd,5146096,"142,461.60"
DESNZ,UKAEA,19/04/2023,Facilities,Fusion,Graham Asset Management Ltd,5146097,"47,179.15"
DESNZ,UKAEA,24/04/2023,ICT,Fusion,Academia,5146098,"-18,822.41"
DESNZ,UKAEA,17/04/2023,Engineering Goods,Other,Grip-Tec Limited,5146099,959.55
DESNZ,UKAEA,17/04/2023,ICT,Fusion,Siemens Industry Software Limited,5146100,"16,473.86"
DESNZ,UKAEA,17/04/2023,Professional Services,Other,Atkins Ltd,5146101,"20,000.00"
DESNZ,UKAEA,20/04/2023,ICT,Fusion,Thermo-Calc Software AB,5146102,"60,823.37"
DESNZ,UKAEA,17/04/2023,Consultancy - Other (per Cabinet Office definition),Fusion,Atkins Ltd,5146103,"5,549.55"
DESNZ,UKAEA,17/04/2023,Professional Services,Other,Atkins Ltd,5146104,"6,000.00"
DESNZ,UKAEA,17/04/2023,Engineering Goods,Other,Mouser Electronics,5146105,800.5
DESNZ,UKAEA,19/04/2023,Professional Services,Support Services,Nuvia Limited,5146107,"12,932.61"
DESNZ,UKAEA,17/04/2023,Engineering Goods,Other,University of Manchester (GBP),5146111,"200,000.00"
DESNZ,UKAEA,17/04/2023,Engineering Goods,Other,Leica Microsystems UK Limited,5146113,"4,730.97"
DESNZ,UKAEA,17/04/2023,Engineering Goods,Fusion,Sundry Supplier,5146114,"3,050.60"
DESNZ,UKAEA,17/04/2023,Engineering Goods,Fusion,Swagelok London,5146115,"1,993.44"
DESNZ,UKAEA,24/04/2023,Engineering Goods,Fusion,Complete PCB Services Ltd,5146116,"-1,749.20"
DESNZ,UKAEA,17/04/2023,Professional Services,Property,Blake Morgan LLP,5146121,935.2
DESNZ,UKAEA,17/04/2023,Consultancy - Other (per Cabinet Office definition),Property,Salus (Building Control & Fire Safety Consultants) Ltd,5146123,875
DESNZ,UKAEA,17/04/2023,Research,Fusion,University of Bristol,5146125,"48,501.00"
DESNZ,UKAEA,17/04/2023,Research,Fusion,University of Bristol,5146126,"6,338.46"
DESNZ,UKAEA,17/04/2023,Engineering Goods,Fusion,Island Optics Ltd,5146127,"10,800.00"
DESNZ,UKAEA,17/04/2023,Engineering Goods,Fusion,Island Optics Ltd,5146128,"10,920.00"
DESNZ,UKAEA,17/04/2023,Engineering Goods,Fusion,Island Optics Ltd,5146129,"7,210.00"
DESNZ,UKAEA,17/04/2023,Engineering Goods,Fusion,Island Optics Ltd,5146130,"13,325.00"
DESNZ,UKAEA,17/04/2023,Engineering Goods,Fusion,Mouser Electronics,5146131,"3,004.90"
DESNZ,UKAEA,19/04/2023,Facilities,Property,Graham Asset Management Ltd,5146137,"19,709.33"
DESNZ,UKAEA,19/04/2023,Facilities,Property,Graham Asset Management Ltd,5146138,779.37
DESNZ,UKAEA,19/04/2023,Facilities,Fusion,Graham Asset Management Ltd,5146139,"21,576.20"
DESNZ,UKAEA,17/04/2023,Research,Fusion,Oxford University - GBP,5146141,659.75
DESNZ,UKAEA,17/04/2023,ICT,Fusion,Aztex Solutions Ltd,5146142,"7,218.12"
DESNZ,UKAEA,17/04/2023,Research,Fusion,Oxford University - GBP,5146143,"3,000.03"
DESNZ,UKAEA,17/04/2023,Professional Services,Property,Carter Jonas LLP,5146144,"1,200.00"
DESNZ,UKAEA,17/04/2023,Energy and Fuels,Fusion,EDF Energy,5146146,"922,961.81"
DESNZ,UKAEA,17/04/2023,Professional Services,Support Services,Board Intelligence Ltd,5146147,"4,095.00"
DESNZ,UKAEA,17/04/2023,Engineering Goods,Fusion,Riley Industries Ltd,5146150,"26,500.00"
DESNZ,UKAEA,17/04/2023,Engineering Goods,Fusion,Pi-Kem Ltd,5146151,680
DESNZ,UKAEA,17/04/2023,Engineering Goods,Other,HMK Technical Services Ltd.,5146153,"1,146.93"
DESNZ,UKAEA,19/04/2023,Construction,Property,Actiform Ltd,5146155,"3,101.23"
DESNZ,UKAEA,19/04/2023,Construction,Property,Actiform Ltd,5146155,"49,214.20"
DESNZ,UKAEA,19/04/2023,Construction,Property,Actiform Ltd,5146155,"96,244.85"
DESNZ,UKAEA,19/04/2023,Logistics and Shipping,Fusion,Sarens UK Ltd,5146156,"9,740.00"
DESNZ,UKAEA,19/04/2023,Engineering Goods,Fusion,Sarens UK Ltd,5146156,"27,934.00"
DESNZ,UKAEA,17/04/2023,Engineering Goods,Fusion,Advantex Network Solutions LTD,5146157,"1,611.71"
DESNZ,UKAEA,17/04/2023,Communications,Support Services,Signgeer Limited,5146158,"1,989.37"
DESNZ,UKAEA,17/04/2023,Energy and Fuels,Property,EDF Energy,5146161,"4,423.05"
DESNZ,UKAEA,17/04/2023,Energy and Fuels,Property,EDF Energy,5146162,"20,563.30"
DESNZ,UKAEA,17/04/2023,Energy and Fuels,Property,EDF Energy,5146163,"22,865.11"
DESNZ,UKAEA,17/04/2023,Energy and Fuels,Property,EDF Energy,5146165,"23,295.54"
DESNZ,UKAEA,17/04/2023,Energy and Fuels,Property,EDF Energy,5146166,"24,318.43"
DESNZ,UKAEA,17/04/2023,Energy and Fuels,Property,EDF Energy,5146167,"23,709.62"
DESNZ,UKAEA,17/04/2023,Energy and Fuels,Property,EDF Energy,5146168,"23,832.25"
DESNZ,UKAEA,17/04/2023,Energy and Fuels,Property,EDF Energy,5146169,"33,676.59"
DESNZ,UKAEA,17/04/2023,Professional Services,Property,Blake Morgan LLP,5146172,"2,000.00"
DESNZ,UKAEA,20/04/2023,Research,Other,TechConnect LLC,5146177,"20,171.05"
DESNZ,UKAEA,19/04/2023,Facilities,Property,Ductclean (UK) Limited t/a DCUK FM,5146183,"27,491.66"
DESNZ,UKAEA,19/04/2023,Facilities,Property,Ductclean (UK) Limited t/a DCUK FM,5146184,"4,800.00"
DESNZ,UKAEA,17/04/2023,Engineering Goods,Fusion,Acrona Engineering Ltd,5146189,"4,664.46"
DESNZ,UKAEA,17/04/2023,Engineering Goods,Fusion,Acrona Engineering Ltd,5146190,"1,710.00"
DESNZ,UKAEA,17/04/2023,Engineering Goods,Other,Leda Properties Ltd,5146195,"12,873.00"
DESNZ,UKAEA,17/04/2023,Professional Services,Property,Ridge And Partners Llp,5146197,"10,875.00"
DESNZ,UKAEA,17/04/2023,Personnel Related,Support Services,People Asset Management Ltd,5146201,"2,528.40"
DESNZ,UKAEA,17/04/2023,Personnel Related,Support Services,People Asset Management Ltd,5146202,"12,439.79"
DESNZ,UKAEA,20/04/2023,Consultancy - Other (per Cabinet Office definition),Fusion,MATERIALS DESIGN S.A.R.L.,5146207,"50,907.60"
DESNZ,UKAEA,17/04/2023,Facilities,Fusion,RAL Display & Marketing Ltd,5146208,"2,997.00"
DESNZ,UKAEA,17/04/2023,Office Solutions,Support Services,Zuna Web Limited,5146219,"1,250.00"
DESNZ,UKAEA,17/04/2023,Learning and Development,Fusion,Majenta Solutions Ltd.,5146222,"3,250.00"
DESNZ,UKAEA,17/04/2023,Engineering Goods,Fusion,D Furnell Plant Services Ltd,5146224,935
DESNZ,UKAEA,17/04/2023,Energy and Fuels,Fusion,National Grid Plc,5146227,"3,379.62"
DESNZ,UKAEA,19/04/2023,Engineering Goods,Fusion,BOC Ltd,5146229,669.75
DESNZ,UKAEA,17/04/2023,Engineering Goods,Fusion,RS Components Ltd,5146230,573.33
DESNZ,UKAEA,17/04/2023,Engineering Goods,Fusion,Schneider Electric Systems UK Limited,5146238,"5,853.80"
DESNZ,UKAEA,17/04/2023,Engineering Goods,Fusion,Schneider Electric Systems UK Limited,5146239,"2,498.60"
DESNZ,UKAEA,17/04/2023,Consultancy - Other (per Cabinet Office definition),Other,Oxford University - GBP,5146240,"1,630.00"
DESNZ,UKAEA,19/04/2023,Engineering Goods,Fusion,RS Components Ltd,5146243,599
DESNZ,UKAEA,19/04/2023,Waste Management,Property,Grundon Waste Management Ltd,5146244,807.44
DESNZ,UKAEA,19/04/2023,Engineering Goods,Other,Leda Properties Ltd,5146250,"10,500.00"
DESNZ,UKAEA,19/04/2023,Facilities,Fusion,Atkins Ltd,5146253,"9,702.00"
DESNZ,UKAEA,19/04/2023,Construction,Fusion,LR Engineering,5146255,"8,095.90"
DESNZ,UKAEA,19/04/2023,Construction,Fusion,LR Engineering,5146256,"4,560.00"
DESNZ,UKAEA,19/04/2023,Hired Agency Staff - Rullion CMF/PO,Fusion,Rullion Engineering Ltd,5146257,"1,557.12"
DESNZ,UKAEA,19/04/2023,Engineering Goods,Fusion,Island Optics Ltd,5146258,"33,300.00"
DESNZ,UKAEA,19/04/2023,Operational Goods,Fusion,RS Components Ltd,5146260,"3,150.00"
DESNZ,UKAEA,19/04/2023,Hired Agency Staff - Rullion CMF/PO,Support Services,Rullion Engineering Ltd,5146266,"11,784.50"
DESNZ,UKAEA,19/04/2023,Engineering Goods,Fusion,Tensator Limited,5146267,"1,058.60"
DESNZ,UKAEA,19/04/2023,Hired Agency Staff - Rullion CMF/PO,Other,Rullion Engineering Ltd,5146269,"3,128.38"
DESNZ,UKAEA,19/04/2023,Professional Services,Property,Ridge And Partners Llp,5146270,"38,729.61"
DESNZ,UKAEA,19/04/2023,Professional Services,Property,Ridge And Partners Llp,5146271,"1,500.00"
DESNZ,UKAEA,19/04/2023,Facilities,Fusion,CPS Ltd,5146274,621.12
DESNZ,UKAEA,19/04/2023,Engineering Goods,Fusion,Life Safety Distribution GmbH,5146276,"1,043.00"
DESNZ,UKAEA,19/04/2023,Facilities,Support Services,SouthernsBroadstock Limited,5146277,"2,898.00"
DESNZ,UKAEA,19/04/2023,Hired Agency Staff - Rullion CMF/PO,Fusion,Rullion Engineering Ltd,5146278,"1,966.92"
DESNZ,UKAEA,19/04/2023,Hired Agency Staff - Rullion CMF/PO,Support Services,Rullion Engineering Ltd,5146279,"1,379.51"
DESNZ,UKAEA,19/04/2023,Consultancy - Other (per Cabinet Office definition),Other,Oxford University - GBP,5146281,"1,630.00"
DESNZ,UKAEA,19/04/2023,Hired Agency Staff - Rullion CMF/PO,Fusion,Rullion Engineering Ltd,5146282,"4,629.39"
DESNZ,UKAEA,19/04/2023,Hired Agency Staff - Rullion CMF/PO,Support Services,Rullion Engineering Ltd,5146283,"3,183.23"
DESNZ,UKAEA,19/04/2023,ICT,Property,Snelling Business Systems Limited,5146284,"8,256.25"
DESNZ,UKAEA,19/04/2023,ICT,Property,Snelling Business Systems Limited,5146285,"4,204.00"
DESNZ,UKAEA,19/04/2023,Learning and Development,Fusion,Loughborough University,5146288,"2,300.00"
DESNZ,UKAEA,19/04/2023,Hired Agency Staff - Rullion CMF/PO,Fusion,Rullion Engineering Ltd,5146289,"3,616.76"
DESNZ,UKAEA,19/04/2023,Engineering Goods,Other,City Electrical Factors,5146291,873.25
DESNZ,UKAEA,19/04/2023,Hired Agency Staff - Rullion CMF/PO,Support Services,Rullion Engineering Ltd,5146292,"7,425.24"
DESNZ,UKAEA,19/04/2023,Engineering Goods,Fusion,City Electrical Factors,5146293,998.47
DESNZ,UKAEA,19/04/2023,Facilities,Fusion,Baxter Storey Ltd.,5146299,"1,539.10"
DESNZ,UKAEA,19/04/2023,Facilities,Property,Baxter Storey Ltd.,5146300,"1,438.32"
DESNZ,UKAEA,19/04/2023,Facilities,Property,Baxter Storey Ltd.,5146301,"2,972.49"
DESNZ,UKAEA,19/04/2023,Facilities,Property,Baxter Storey Ltd.,5146302,"1,381.95"
DESNZ,UKAEA,19/04/2023,Hired Agency Staff - Rullion CMF/PO,Other,Rullion Engineering Ltd,5146306,"8,934.75"
DESNZ,UKAEA,19/04/2023,Engineering Goods,Fusion,Acal Bfi UK Limited,5146307,"3,747.00"
DESNZ,UKAEA,19/04/2023,Engineering Goods,Fusion,City Electrical Factors,5146308,"1,342.70"
DESNZ,UKAEA,19/04/2023,Engineering Goods,Fusion,The University Of Sheffield,5146310,"9,763.96"
DESNZ,UKAEA,19/04/2023,Engineering Goods,Fusion,Manufax Engineering Limited,5146311,"1,727.50"
DESNZ,UKAEA,19/04/2023,Engineering Goods,Fusion,Manufax Engineering Limited,5146312,"1,087.50"
DESNZ,UKAEA,19/04/2023,Engineering Goods,Fusion,Manufax Engineering Limited,5146313,"1,927.50"
DESNZ,UKAEA,19/04/2023,Hired Agency Staff - Rullion CMF/PO,Other,Rullion Engineering Ltd,5146319,"-2,519.60"
DESNZ,UKAEA,19/04/2023,Hired Agency Staff - Rullion CMF/PO,Fusion,Rullion Engineering Ltd,5146323,"1,524.68"
DESNZ,UKAEA,19/04/2023,Facilities,Property,SPIE Limited,5146324,"37,400.00"
DESNZ,UKAEA,19/04/2023,Professional Services,Other,WMH Transmissions LTD,5146330,"137,400.00"
DESNZ,UKAEA,24/04/2023,ICT,Fusion,Academia,5146331,"18,822.41"
DESNZ,UKAEA,19/04/2023,Hired Agency Staff - Rullion CMF/PO,Fusion,Rullion Engineering Ltd,5146334,"2,642.02"
DESNZ,UKAEA,19/04/2023,ICT,Property,Snelling Business Systems Limited,5146335,"1,011.00"
DESNZ,UKAEA,19/04/2023,ICT,Property,Snelling Business Systems Limited,5146336,"1,540.00"
DESNZ,UKAEA,19/04/2023,ICT,Property,Snelling Business Systems Limited,5146337,"7,750.00"
DESNZ,UKAEA,19/04/2023,Professional Services,Property,Sundry Supplier,5146338,"5,000.00"
DESNZ,UKAEA,19/04/2023,Professional Services,Property,Sundry Supplier,5146339,"3,000.00"
DESNZ,UKAEA,19/04/2023,ICT,Fusion,Dassault Systemes UK Ltd,5146341,"100,000.00"
DESNZ,UKAEA,19/04/2023,Engineering Goods,Other,Vision Engineering Ltd.,5146342,"7,603.00"
DESNZ,UKAEA,19/04/2023,Engineering Goods,Property,City Electrical Factors,5146343,-599.95
DESNZ,UKAEA,19/04/2023,Engineering Goods,Fusion,Feedwater Ltd,5146344,882.3
DESNZ,UKAEA,19/04/2023,Engineering Goods,Fusion,Feedwater Ltd,5146345,704.41
DESNZ,UKAEA,19/04/2023,Waste Management,Property,Grundon Waste Management Ltd,5146348,902.28
DESNZ,UKAEA,19/04/2023,Engineering Goods,Fusion,Gemu Valves Ltd,5146350,"6,323.20"
DESNZ,UKAEA,19/04/2023,Facilities,Fusion,IDOM UK Ltd,5146351,"10,912.00"
DESNZ,UKAEA,19/04/2023,Professional Services,Other,Equiniti,5146352,"15,481.50"
DESNZ,UKAEA,19/04/2023,Professional Services,Other,Equiniti,5146353,"82,897.60"
DESNZ,UKAEA,19/04/2023,Professional Services,Other,Equiniti,5146354,"1,159.95"
DESNZ,UKAEA,19/04/2023,Engineering Goods,Other,Farnell Electronic Components Ltd,5146355,921.23
DESNZ,UKAEA,19/04/2023,Communications,Property,Fisher Studio Ltd,5146359,500
DESNZ,UKAEA,19/04/2023,Engineering Goods,Other,Industrial Tooling Corporation Ltd,5146361,775.63
DESNZ,UKAEA,19/04/2023,Engineering Goods,Other,Industrial Tooling Corporation Ltd,5146362,"1,651.06"
DESNZ,UKAEA,19/04/2023,ICT,Other,Industrial Tooling Corporation Ltd,5146363,"3,150.00"
DESNZ,UKAEA,19/04/2023,Engineering Goods,Other,Industrial Tooling Corporation Ltd,5146363,"16,200.00"
DESNZ,UKAEA,19/04/2023,Engineering Goods,Other,Industrial Tooling Corporation Ltd,5146364,615.81
DESNZ,UKAEA,19/04/2023,Research,Other,DigiLab Solutions Ltd,5146367,"45,144.16"
DESNZ,UKAEA,19/04/2023,Research,Other,DigiLab Solutions Ltd,5146369,"35,144.16"
DESNZ,UKAEA,19/04/2023,Engineering Goods,Other,Industrial Tooling Corporation Ltd,5146370,521.02
DESNZ,UKAEA,19/04/2023,Facilities,Fusion,Atkins Ltd,5146371,"7,866.32"
DESNZ,UKAEA,19/04/2023,ICT,Property,Aztex Solutions Ltd,5146372,"1,045.00"
DESNZ,UKAEA,19/04/2023,ICT,Property,Aztex Solutions Ltd,5146372,"1,045.00"
DESNZ,UKAEA,19/04/2023,Research,Fusion,University of York - GBP,5146373,"108,612.87"
DESNZ,UKAEA,19/04/2023,Engineering Goods,Other,Farnell Electronic Components Ltd,5146375,921.23
DESNZ,UKAEA,19/04/2023,Engineering Goods,Fusion,Farnell Electronic Components Ltd,5146378,"1,894.00"
DESNZ,UKAEA,19/04/2023,Engineering Goods,Other,Francis Brown Limited,5146380,"5,780.00"
DESNZ,UKAEA,19/04/2023,Engineering Goods,Fusion,Gows Lybster Limited,5146381,"6,349.22"
DESNZ,UKAEA,19/04/2023,Construction,Property,Reece Safety Products Ltd,5146384,"1,091.70"
DESNZ,UKAEA,19/04/2023,Learning and Development,Other,The Knowledge Academy Limited,5146389,"1,795.00"
DESNZ,UKAEA,19/04/2023,Engineering Goods,Other,Industrial Tooling Corporation Ltd,5146392,"4,550.39"
DESNZ,UKAEA,19/04/2023,Hired Agency Staff - Rullion CMF/PO,Fusion,Rullion Engineering Ltd,5146393,"3,852.84"
DESNZ,UKAEA,19/04/2023,Consultancy - Other (per Cabinet Office definition),Other,Generic Robotics Ltd.,5146395,"15,000.00"
DESNZ,UKAEA,19/04/2023,Professional Services,Other,Glanville Consultants,5146397,575
DESNZ,UKAEA,19/04/2023,Office Solutions,Fusion,OASIS Group,5146398,"6,090.12"
DESNZ,UKAEA,19/04/2023,ICT,Fusion,Computacenter UK Ltd,5146401,"2,661.52"
DESNZ,UKAEA,19/04/2023,Engineering Goods,Fusion,RS Components Ltd,5146402,507.45
DESNZ,UKAEA,19/04/2023,ICT,Support Services,Grey Matter Limited,5146403,"2,653.20"
DESNZ,UKAEA,19/04/2023,Hired Agency Staff - Rullion CMF/PO,Fusion,Rullion Engineering Ltd,5146405,"3,746.34"
DESNZ,UKAEA,19/04/2023,Professional Services,Fusion,DBD Limited,5146406,"52,011.83"
DESNZ,UKAEA,19/04/2023,Engineering Goods,Other,Connextion Developments Ltd,5146413,933.36
DESNZ,UKAEA,19/04/2023,ICT,Property,Snelling Business Systems Limited,5146415,"2,530.00"
DESNZ,UKAEA,19/04/2023,ICT,Property,Snelling Business Systems Limited,5146415,"7,034.00"
DESNZ,UKAEA,19/04/2023,ICT,Property,Snelling Business Systems Limited,5146416,"10,785.00"
DESNZ,UKAEA,19/04/2023,Communications,Other,Snelling Business Systems Limited,5146417,"1,693.75"
DESNZ,UKAEA,19/04/2023,Other External Costs,Support Services,Paymaster (1836) Ltd RE:UKAEA Recharges,5146421,"4,321.60"
DESNZ,UKAEA,19/04/2023,ICT,Property,Snelling Business Systems Limited,5146423,"127,668.00"
DESNZ,UKAEA,19/04/2023,ICT,Property,Snelling Business Systems Limited,5146424,"34,546.00"
DESNZ,UKAEA,19/04/2023,ICT,Property,Snelling Business Systems Limited,5146426,"22,215.00"
DESNZ,UKAEA,19/04/2023,Engineering Goods,Fusion,Smiths Metal Centres Ltd,5146430,843.6
DESNZ,UKAEA,19/04/2023,Travel,Support Services,Clarity Travel Limited,5146433,"3,658.27"
DESNZ,UKAEA,19/04/2023,Travel,Support Services,Clarity Travel Limited,5146433,"41,615.67"
DESNZ,UKAEA,19/04/2023,Travel,Support Services,Clarity Travel Limited,5146433,"140,205.51"
DESNZ,UKAEA,19/04/2023,Engineering Goods,Fusion,Smiths Metal Centres Ltd,5146436,"4,300.00"
DESNZ,UKAEA,19/04/2023,Hired Agency Staff - Rullion CMF/PO,Fusion,Rullion Engineering Ltd,5146438,"12,870.00"
DESNZ,UKAEA,19/04/2023,Learning and Development,Support Services,Open University,5146439,"1,218.00"
DESNZ,UKAEA,19/04/2023,Engineering Goods,Fusion,Acal Bfi UK Limited,5146440,"18,660.00"
DESNZ,UKAEA,19/04/2023,Energy and Fuels,Property,EDF Energy,5146441,"-1,506.71"
DESNZ,UKAEA,19/04/2023,Engineering Goods,Fusion,Konecranes Demag (UK) Ltd,5146443,"29,435.00"
DESNZ,UKAEA,19/04/2023,Professional Services,Property,BSP Consulting,5146445,"1,500.00"
DESNZ,UKAEA,19/04/2023,Engineering Goods,Fusion,City Electrical Factors,5146447,"5,846.85"
DESNZ,UKAEA,19/04/2023,Facilities,Property,Idverde Ltd,5146448,"11,578.25"
DESNZ,UKAEA,19/04/2023,Engineering Goods,Fusion,PASS (Portable Appliance Safety Services) Ltd,5146452,"4,511.04"
DESNZ,UKAEA,19/04/2023,ICT,Support Services,O2 UK Ltd,5146458,624
DESNZ,UKAEA,19/04/2023,Engineering Goods,Fusion,Swagelok London,5146459,"4,410.14"
DESNZ,UKAEA,19/04/2023,ICT,Support Services,O2 UK Ltd,5146461,709.62
DESNZ,UKAEA,19/04/2023,Engineering Goods,Fusion,Swagelok London,5146462,547.75
DESNZ,UKAEA,19/04/2023,Engineering Goods,Fusion,Swagelok London,5146463,758
DESNZ,UKAEA,19/04/2023,Energy and Fuels,Property,EDF Energy,5146467,"3,704.39"
DESNZ,UKAEA,19/04/2023,Energy and Fuels,Property,EDF Energy,5146468,"4,273.00"
DESNZ,UKAEA,19/04/2023,Energy and Fuels,Fusion,EDF Energy,5146469,"12,031.11"
DESNZ,UKAEA,19/04/2023,Energy and Fuels,Property,EDF Energy,5146471,"28,940.41"
DESNZ,UKAEA,19/04/2023,Energy and Fuels,Property,EDF Energy,5146472,762.12
DESNZ,UKAEA,19/04/2023,Energy and Fuels,Property,EDF Energy,5146473,"1,662.22"
DESNZ,UKAEA,19/04/2023,Energy and Fuels,Property,EDF Energy,5146474,807.36
DESNZ,UKAEA,19/04/2023,Construction,Property,Kier Construction Ltd PBACCDP,5146475,"1,540,415.58"
DESNZ,UKAEA,19/04/2023,Engineering Goods,Fusion,Oxford Bolts & Bearings,5146476,"2,857.00"
DESNZ,UKAEA,19/04/2023,ICT,Support Services,Ideagen Gael Ltd,5146477,"2,237.71"
DESNZ,UKAEA,24/04/2023,Facilities,Fusion,Atkins Ltd,5146479,"10,902.00"
DESNZ,UKAEA,24/04/2023,Facilities,Fusion,Engineering Safety Consultants Ltd (an ERM Company),5146483,"2,701.18"
DESNZ,UKAEA,24/04/2023,Facilities,Other,Atkins Ltd,5146484,"7,080.00"
DESNZ,UKAEA,24/04/2023,Facilities,Fusion,Atkins Ltd,5146485,"3,675.00"
DESNZ,UKAEA,24/04/2023,Professional Services,Fusion,Ove Arup & Partners,5146486,"2,846.67"
DESNZ,UKAEA,24/04/2023,Facilities,Fusion,Allianz Engineering,5146488,"1,920.00"
DESNZ,UKAEA,24/04/2023,ICT,Fusion,Academia,5146489,"10,482.69"
DESNZ,UKAEA,24/04/2023,Facilities,Fusion,Atkins Ltd,5146490,"10,569.85"
DESNZ,UKAEA,24/04/2023,Consultancy - Other (per Cabinet Office definition),Fusion,Ove Arup & Partners,5146491,"5,393.33"
DESNZ,UKAEA,24/04/2023,ICT,Fusion,Academia,5146494,"29,145.83"
DESNZ,UKAEA,24/04/2023,Facilities,Fusion,Atkins Ltd,5146495,"7,278.66"
DESNZ,UKAEA,24/04/2023,Research,Fusion,University of York - GBP,5146498,"3,332.75"
DESNZ,UKAEA,24/04/2023,Research,Fusion,University of York - GBP,5146499,"2,783.00"
DESNZ,UKAEA,24/04/2023,Research,Fusion,University of York - GBP,5146500,"3,178.00"
DESNZ,UKAEA,24/04/2023,Research,Fusion,University of York - GBP,5146501,"3,318.78"
DESNZ,UKAEA,24/04/2023,ICT,Support Services,Snelling Business Systems Limited,5146503,797
DESNZ,UKAEA,24/04/2023,ICT,Support Services,Snelling Business Systems Limited,5146503,825
DESNZ,UKAEA,24/04/2023,Research,Fusion,University of York - GBP,5146506,"2,036.98"
DESNZ,UKAEA,24/04/2023,Research,Fusion,University of York - GBP,5146507,"2,783.00"
DESNZ,UKAEA,24/04/2023,Research,Fusion,University of Oxford,5146508,"5,977.00"
DESNZ,UKAEA,24/04/2023,Research,Fusion,University of Oxford,5146508,"5,609.00"
DESNZ,UKAEA,24/04/2023,Research,Fusion,University of York - GBP,5146509,"4,055.50"
DESNZ,UKAEA,24/04/2023,Research,Fusion,University of York - GBP,5146510,"3,058.00"
DESNZ,UKAEA,24/04/2023,Research,Fusion,University of Bristol,5146512,"2,998.68"
DESNZ,UKAEA,24/04/2023,Office Solutions,Support Services,Annodata Business Communications,5146515,"1,495.58"
DESNZ,UKAEA,24/04/2023,Engineering Goods,Fusion,AXELENT Ltd,5146516,"4,144.68"
DESNZ,UKAEA,24/04/2023,Engineering Goods,Other,Underwoods Electrical Distributors,5146517,"1,505.35"
DESNZ,UKAEA,26/04/2023,Facilities,Property,SPIE Limited,5146518,"163,737.79"
DESNZ,UKAEA,26/04/2023,Construction,Property,Mildren Construction Ltd,5146519,"50,513.06"
DESNZ,UKAEA,26/04/2023,Construction,Property,Mildren Construction Ltd,5146520,"88,055.86"
DESNZ,UKAEA,24/04/2023,Fleet,Fusion,Rabbits Vehicle Hire,5146521,895
DESNZ,UKAEA,24/04/2023,Facilities,Property,Snelling Business Systems Limited,5146522,"5,441.00"
DESNZ,UKAEA,24/04/2023,Facilities,Property,Snelling Business Systems Limited,5146523,"4,696.75"
DESNZ,UKAEA,26/04/2023,Construction,Property,Amber Construction Services Ltd,5146524,"105,987.58"
DESNZ,UKAEA,24/04/2023,Engineering Goods,Fusion,Lemo UK Ltd,5146527,"1,209.52"
DESNZ,UKAEA,24/04/2023,ICT,Fusion,Logicalis UK Limited,5146528,"16,983.24"
DESNZ,UKAEA,24/04/2023,Facilities,Fusion,Atkins Ltd,5146529,"4,967.80"
DESNZ,UKAEA,26/04/2023,Hired Agency Staff - Rullion CMF/PO,Fusion,Rullion Engineering Ltd,5146530,"2,068.89"
DESNZ,UKAEA,24/04/2023,Engineering Goods,Fusion,Beckhoff Automation Ltd,5146532,"1,246.61"
DESNZ,UKAEA,26/04/2023,Hired Agency Staff - Rullion CMF/PO,Other,Rullion Engineering Ltd,5146534,"4,305.02"
DESNZ,UKAEA,24/04/2023,Engineering Goods,Fusion,Kurt J. Lesker Company Ltd,5146536,897.6
DESNZ,UKAEA,24/04/2023,Research,Fusion,Ansaldo Nuclear Limited,5146539,"8,000.00"
DESNZ,UKAEA,20/04/2023,Engineering Goods,Fusion,Advanced Conductor Technologies LLC,5146541,"95,621.54"
DESNZ,UKAEA,24/04/2023,Facilities,Property,Barclays Eagle Labs Cumbria,5146544,"5,800.00"
DESNZ,UKAEA,24/04/2023,Energy and Fuels,Property,EDF Energy,5146548,"20,189.86"
DESNZ,UKAEA,24/04/2023,Energy and Fuels,Property,EDF Energy,5146549,"34,425.69"
DESNZ,UKAEA,24/04/2023,Energy and Fuels,Property,EDF Energy,5146550,"8,352.19"
DESNZ,UKAEA,24/04/2023,Energy and Fuels,Property,EDF Energy,5146551,"4,765.27"
DESNZ,UKAEA,24/04/2023,Engineering Goods,Other,Engineering Sfty Inspection Service,5146552,500
DESNZ,UKAEA,26/04/2023,Facilities,Property,Idverde Ltd,5146554,"3,213.00"
DESNZ,UKAEA,24/04/2023,Engineering Goods,Fusion,B & M Engineers Ltd,5146555,"4,520.00"
DESNZ,UKAEA,24/04/2023,Engineering Goods,Fusion,B & M Engineers Ltd,5146557,"1,730.00"
DESNZ,UKAEA,24/04/2023,Facilities,Fusion,OCS Group UK Ltd,5146559,"3,933.25"
DESNZ,UKAEA,24/04/2023,Facilities,Property,OCS Group UK Ltd,5146563,"1,619.02"
DESNZ,UKAEA,24/04/2023,Facilities,Property,OCS Group UK Ltd,5146564,"2,432.29"
DESNZ,UKAEA,24/04/2023,Facilities,Property,OCS Group UK Ltd,5146565,"5,416.02"
DESNZ,UKAEA,24/04/2023,Facilities,Property,OCS Group UK Ltd,5146566,"2,400.73"
DESNZ,UKAEA,24/04/2023,Facilities,Property,OCS Group UK Ltd,5146567,"2,269.19"
DESNZ,UKAEA,24/04/2023,Facilities,Property,OCS Group UK Ltd,5146568,"1,098.47"
DESNZ,UKAEA,24/04/2023,Facilities,Property,OCS Group UK Ltd,5146568,"3,129.96"
DESNZ,UKAEA,24/04/2023,Facilities,Fusion,OCS Group UK Ltd,5146570,"5,800.73"
DESNZ,UKAEA,24/04/2023,Facilities,Property,OCS Group UK Ltd,5146570,"1,933.58"
DESNZ,UKAEA,24/04/2023,Facilities,Property,OCS Group UK Ltd,5146570,"5,156.21"
DESNZ,UKAEA,24/04/2023,Facilities,Property,OCS Group UK Ltd,5146571,"12,326.07"
DESNZ,UKAEA,24/04/2023,Facilities,Fusion,OCS Group UK Ltd,5146572,"6,299.87"
DESNZ,UKAEA,24/04/2023,Facilities,Property,OCS Group UK Ltd,5146572,"2,099.95"
DESNZ,UKAEA,24/04/2023,Facilities,Property,OCS Group UK Ltd,5146572,"5,599.88"
DESNZ,UKAEA,24/04/2023,Facilities,Fusion,OCS Group UK Ltd,5146573,"3,762.23"
DESNZ,UKAEA,24/04/2023,Facilities,Property,Baxter Storey Ltd.,5146574,"2,188.65"
DESNZ,UKAEA,26/04/2023,Hired Agency Staff - Rullion CMF/PO,Support Services,Rullion Engineering Ltd,5146575,"10,125.84"
DESNZ,UKAEA,26/04/2023,Hired Agency Staff - Rullion CMF/PO,Support Services,Rullion Engineering Ltd,5146576,"8,747.50"
DESNZ,UKAEA,26/04/2023,Hired Agency Staff - Rullion CMF/PO,Fusion,Rullion Engineering Ltd,5146577,"2,257.89"
DESNZ,UKAEA,26/04/2023,Hired Agency Staff - Rullion CMF/PO,Other,Rullion Engineering Ltd,5146578,"1,533.71"
DESNZ,UKAEA,26/04/2023,Hired Agency Staff - Rullion CMF/PO,Other,Rullion Engineering Ltd,5146579,"4,075.50"
DESNZ,UKAEA,26/04/2023,Hired Agency Staff - Rullion CMF/PO,Other,Rullion Engineering Ltd,5146580,"7,715.65"
DESNZ,UKAEA,26/04/2023,Hired Agency Staff - Rullion CMF/PO,Fusion,Rullion Engineering Ltd,5146582,"8,932.52"
DESNZ,UKAEA,24/04/2023,Professional Services,Other,Burges Salmon,5146584,"11,479.00"
DESNZ,UKAEA,24/04/2023,Professional Services,Other,Burges Salmon,5146585,"14,168.00"
DESNZ,UKAEA,26/04/2023,Hired Agency Staff - Rullion CMF/PO,Fusion,Rullion Engineering Ltd,5146586,"3,943.52"
DESNZ,UKAEA,26/04/2023,Hired Agency Staff - Rullion CMF/PO,Fusion,Rullion Engineering Ltd,5146587,"4,629.00"
DESNZ,UKAEA,26/04/2023,Hired Agency Staff - Rullion CMF/PO,Other,Rullion Engineering Ltd,5146594,"14,028.65"
DESNZ,UKAEA,24/04/2023,Personnel Related,Fusion,TFI Lodestar Ltd,5146596,"5,500.00"
DESNZ,UKAEA,26/04/2023,Hired Agency Staff - Rullion CMF/PO,Other,Rullion Engineering Ltd,5146597,"7,347.60"
DESNZ,UKAEA,26/04/2023,Hired Agency Staff - Rullion CMF/PO,Other,Rullion Engineering Ltd,5146599,"4,521.17"
DESNZ,UKAEA,24/04/2023,Professional Services,Property,Carter Jonas LLP,5146600,"1,005.00"
DESNZ,UKAEA,26/04/2023,Hired Agency Staff - Rullion CMF/PO,Other,Rullion Engineering Ltd,5146603,"8,588.80"
DESNZ,UKAEA,24/04/2023,Fleet,Other,Budget Forktrucks Ltd,5146604,773.97
DESNZ,UKAEA,24/04/2023,Engineering Goods,Fusion,FTI Ltd,5146606,603.55
DESNZ,UKAEA,27/04/2023,Engineering Goods,Fusion,"FOCtek Photonics, Inc.",5146609,"1,066.62"
DESNZ,UKAEA,24/04/2023,Engineering Goods,Fusion,Hydroblast,5146610,904
DESNZ,UKAEA,24/04/2023,ICT,Property,Insight Direct UK Ltd,5146611,777.8
DESNZ,UKAEA,24/04/2023,Facilities,Fusion,BAM FM Ltd,5146613,"5,724.23"
DESNZ,UKAEA,24/04/2023,Engineering Goods,Fusion,Boxer Machine Tools Services,5146614,590
DESNZ,UKAEA,26/04/2023,Hired Agency Staff - Rullion CMF/PO,Fusion,Rullion Engineering Ltd,5146615,"6,306.17"
DESNZ,UKAEA,26/04/2023,Hired Agency Staff - Rullion CMF/PO,Fusion,Rullion Engineering Ltd,5146616,"3,685.20"
DESNZ,UKAEA,26/04/2023,Hired Agency Staff - Rullion CMF/PO,Fusion,Rullion Engineering Ltd,5146617,"5,976.00"
DESNZ,UKAEA,24/04/2023,Research,Fusion,The University Of Sheffield,5146618,"12,561.31"
DESNZ,UKAEA,26/04/2023,Hired Agency Staff - Rullion CMF/PO,Support Services,Rullion Engineering Ltd,5146624,"10,189.52"
DESNZ,UKAEA,26/04/2023,Hired Agency Staff - Rullion CMF/PO,Support Services,Rullion Engineering Ltd,5146625,"9,901.52"
DESNZ,UKAEA,26/04/2023,Hired Agency Staff - Rullion CMF/PO,Support Services,Rullion Engineering Ltd,5146629,"2,739.00"
DESNZ,UKAEA,26/04/2023,Hired Agency Staff - Rullion CMF/PO,Support Services,Rullion Engineering Ltd,5146630,684.75
DESNZ,UKAEA,26/04/2023,Hired Agency Staff - Rullion CMF/PO,Fusion,Rullion Engineering Ltd,5146634,"4,198.35"
DESNZ,UKAEA,26/04/2023,Hired Agency Staff - Rullion CMF/PO,Support Services,Rullion Engineering Ltd,5146635,"3,593.10"
DESNZ,UKAEA,26/04/2023,Hired Agency Staff - Rullion CMF/PO,Fusion,Rullion Engineering Ltd,5146636,"2,595.00"
DESNZ,UKAEA,26/04/2023,Hired Agency Staff - Rullion CMF/PO,Fusion,Rullion Engineering Ltd,5146637,"32,426.00"
DESNZ,UKAEA,26/04/2023,Hired Agency Staff - Rullion CMF/PO,Fusion,Rullion Engineering Ltd,5146638,"8,260.08"
DESNZ,UKAEA,26/04/2023,Hired Agency Staff - Rullion CMF/PO,Support Services,Rullion Engineering Ltd,5146640,"1,009.59"
DESNZ,UKAEA,26/04/2023,Hired Agency Staff - Rullion CMF/PO,Fusion,Rullion Engineering Ltd,5146641,"3,030.00"
DESNZ,UKAEA,24/04/2023,Professional Services,Support Services,Keoghs,5146643,514.5
DESNZ,UKAEA,24/04/2023,Learning and Development,Support Services,Bakers Commercial Services Ltd,5146644,"2,170.00"
DESNZ,UKAEA,24/04/2023,Waste Management,Fusion,Berkshire Pallets Ltd,5146645,"2,352.50"
DESNZ,UKAEA,24/04/2023,Waste Management,Fusion,New Pig Ltd,5146651,895.5
DESNZ,UKAEA,24/04/2023,Engineering Goods,Fusion,Ceramic Substrates and Components Ltd,5146653,"1,507.88"
DESNZ,UKAEA,24/04/2023,Professional Services,Property,Carter Jonas LLP,5146654,"3,840.00"
DESNZ,UKAEA,24/04/2023,Facilities,Fusion,Assystem UK Limited,5146655,"10,852.87"
DESNZ,UKAEA,24/04/2023,ICT,Other,Computacenter UK Ltd,5146656,"2,742.77"
DESNZ,UKAEA,24/04/2023,ICT,Other,Computacenter UK Ltd,5146657,"13,867.95"
DESNZ,UKAEA,26/04/2023,Hired Agency Staff - Rullion CMF/PO,Other,Rullion Engineering Ltd,5146659,"10,119.00"
DESNZ,UKAEA,26/04/2023,Hired Agency Staff - Rullion CMF/PO,Support Services,Rullion Engineering Ltd,5146661,"3,192.00"
DESNZ,UKAEA,24/04/2023,Engineering Goods,Fusion,City Electrical Factors,5146662,"-1,533.22"
DESNZ,UKAEA,24/04/2023,Engineering Goods,Fusion,City Electrical Factors,5146663,"6,192.41"
DESNZ,UKAEA,24/04/2023,ICT,Fusion,Oracle Corporation UK Limited,5146664,"2,014.87"
DESNZ,UKAEA,24/04/2023,Professional Services,Property,Burges Salmon,5146665,"15,272.00"
DESNZ,UKAEA,26/04/2023,Hired Agency Staff - Rullion CMF/PO,Other,Rullion Engineering Ltd,5146666,"6,466.50"
DESNZ,UKAEA,26/04/2023,Hired Agency Staff - Rullion CMF/PO,Fusion,Rullion Engineering Ltd,5146667,"6,142.33"
DESNZ,UKAEA,24/04/2023,Engineering Goods,Other,Rubber Box Co. Ltd.,5146668,947.99
DESNZ,UKAEA,26/04/2023,Hired Agency Staff - Rullion CMF/PO,Fusion,Rullion Engineering Ltd,5146670,"1,144.00"
DESNZ,UKAEA,24/04/2023,Engineering Goods,Fusion,Sundry Supplier,5146671,"2,653.50"
DESNZ,UKAEA,24/04/2023,Engineering Goods,Other,FS Cables Ltd,5146672,503.51
DESNZ,UKAEA,24/04/2023,Engineering Goods,Other,HMK Technical Services Ltd.,5146673,"3,617.12"
DESNZ,UKAEA,24/04/2023,Research,Fusion,University of Surrey - GBP,5146674,"19,950.00"
DESNZ,UKAEA,26/04/2023,Hired Agency Staff - Rullion CMF/PO,Fusion,Rullion Engineering Ltd,5146675,"5,169.02"
DESNZ,UKAEA,27/04/2023,Research,Fusion,Australian Nuclear Science and Technology Organisation,5146678,"250,000.00"
DESNZ,UKAEA,24/04/2023,Professional Services,Property,Trust for Oxfordshires Environment TOE,5146680,"57,600.00"
DESNZ,UKAEA,24/04/2023,Engineering Goods,Fusion,Anixter UK Ltd,5146681,"1,835.46"
DESNZ,UKAEA,24/04/2023,Engineering Goods,Other,Anixter UK Ltd,5146682,"5,456.00"
DESNZ,UKAEA,24/04/2023,Facilities,Fusion,Atkins Ltd,5146683,"11,304.94"
DESNZ,UKAEA,24/04/2023,Engineering Goods,Fusion,FISHERSCIENTIFIC,5146685,895.36
DESNZ,UKAEA,24/04/2023,Engineering Goods,Fusion,Harmonic Drive UK Ltd,5146688,"2,542.00"
DESNZ,UKAEA,27/04/2023,Engineering Goods,Fusion,Zeus,5146689,859.45
DESNZ,UKAEA,24/04/2023,Engineering Goods,Fusion,Swansea Materials Research & Testing Ltd. SMaRT,5146690,"7,645.07"
DESNZ,UKAEA,27/04/2023,Engineering Goods,Fusion,Alluxa,5146691,"39,757.35"
DESNZ,UKAEA,24/04/2023,Engineering Goods,Fusion,Swansea Materials Research & Testing Ltd. SMaRT,5146693,"6,622.00"
DESNZ,UKAEA,24/04/2023,ICT,Property,boxxe Limited,5146698,519.08
DESNZ,UKAEA,24/04/2023,ICT,Fusion,Aztex Solutions Ltd,5146701,"7,815.00"
DESNZ,UKAEA,24/04/2023,Engineering Goods,Fusion,CPC Plc,5146705,560.63
DESNZ,UKAEA,26/04/2023,Hired Agency Staff - Rullion CMF/PO,Fusion,Rullion Engineering Ltd,5146706,"3,976.96"
DESNZ,UKAEA,26/04/2023,Facilities,Property,Bailey International Steeplejack Co Ltd,5146709,"1,850.00"
DESNZ,UKAEA,24/04/2023,Operational Goods,Support Services,Jisc Services Ltd,5146710,"20,067.13"
DESNZ,UKAEA,27/04/2023,Engineering Goods,Other,Asturfeito,5146711,"199,024.37"
DESNZ,UKAEA,27/04/2023,Engineering Goods,Other,Asturfeito,5146712,"147,336.35"
DESNZ,UKAEA,27/04/2023,Logistics and Shipping,Other,Pick-it NV,5146716,"2,645.50"
DESNZ,UKAEA,27/04/2023,Engineering Goods,Other,Pick-it NV,5146716,"10,198.24"
DESNZ,UKAEA,24/04/2023,Engineering Goods,Fusion,Complete PCB Services Ltd,5146718,"8,626.60"
DESNZ,UKAEA,24/04/2023,Engineering Goods,Fusion,Complete PCB Services Ltd,5146718,"17,253.20"
DESNZ,UKAEA,24/04/2023,Engineering Goods,Fusion,Complete PCB Services Ltd,5146720,724.4
DESNZ,UKAEA,24/04/2023,Engineering Goods,Fusion,LR Engineering,5146724,675
DESNZ,UKAEA,24/04/2023,Professional Services,Fusion,DBD Limited,5146725,"29,619.52"
DESNZ,UKAEA,24/04/2023,Learning and Development,Support Services,The IET,5146726,"1,500.00"
DESNZ,UKAEA,24/04/2023,ICT,Support Services,Jisc Services Ltd,5146727,"2,000.00"
DESNZ,UKAEA,27/04/2023,Engineering Goods,Fusion,Kyoto Fusioneering Ltd,5146729,"212,800.00"
DESNZ,UKAEA,24/04/2023,Engineering Goods,Fusion,Rittal Limited,5146731,"1,355.55"
DESNZ,UKAEA,24/04/2023,Engineering Goods,Fusion,J & E Hall Ltd.,5146733,"1,157.50"
DESNZ,UKAEA,26/04/2023,Hired Agency Staff - Rullion CMF/PO,Support Services,Rullion Engineering Ltd,5146735,"6,309.00"
DESNZ,UKAEA,24/04/2023,ICT,Fusion,Network Installation Solutions Ltd,5146736,"1,750.00"
DESNZ,UKAEA,24/04/2023,Engineering Goods,Fusion,Teer Coatings Ltd.,5146737,"1,291.25"
DESNZ,UKAEA,24/04/2023,ICT,Other,Computacenter UK Ltd,5146739,"2,605.75"
DESNZ,UKAEA,26/04/2023,Hired Agency Staff - Rullion CMF/PO,Support Services,Rullion Engineering Ltd,5146740,"5,046.70"
DESNZ,UKAEA,26/04/2023,Hired Agency Staff - Rullion CMF/PO,Support Services,Rullion Engineering Ltd,5146741,"9,156.00"
DESNZ,UKAEA,26/04/2023,Hired Agency Staff - Rullion CMF/PO,Support Services,Rullion Engineering Ltd,5146742,"2,190.37"
DESNZ,UKAEA,26/04/2023,Hired Agency Staff - Rullion CMF/PO,Fusion,Rullion Engineering Ltd,5146746,"2,657.83"
DESNZ,UKAEA,24/04/2023,Construction,Other,Anixter UK Ltd,5146747,"2,004.00"
DESNZ,UKAEA,26/04/2023,Hired Agency Staff - Rullion CMF/PO,Fusion,Rullion Engineering Ltd,5146748,"3,582.76"
DESNZ,UKAEA,24/04/2023,Engineering Goods,Other,Industrial Tooling Corporation Ltd,5146750,665.67
DESNZ,UKAEA,24/04/2023,Engineering Goods,Other,B & M Engineers Ltd,5146752,500
DESNZ,UKAEA,26/04/2023,Hired Agency Staff - Rullion CMF/PO,Support Services,Rullion Engineering Ltd,5146753,"2,566.09"
DESNZ,UKAEA,24/04/2023,Engineering Goods,Fusion,Farnell Electronic Components Ltd,5146754,597
DESNZ,UKAEA,26/04/2023,Hired Agency Staff - Rullion CMF/PO,Support Services,Rullion Engineering Ltd,5146755,"8,409.00"
DESNZ,UKAEA,24/04/2023,ICT,Fusion,Oracle Corporation UK Limited,5146758,"1,566.41"
DESNZ,UKAEA,24/04/2023,ICT,Fusion,Oracle Corporation UK Limited,5146758,"1,958.02"
DESNZ,UKAEA,24/04/2023,ICT,Fusion,Oracle Corporation UK Limited,5146759,790.8
DESNZ,UKAEA,24/04/2023,Research,Fusion,The University of Nottingham,5146760,"1,707.49"
DESNZ,UKAEA,24/04/2023,Engineering Goods,Other,Industrial Tooling Corporation Ltd,5146761,"7,887.44"
DESNZ,UKAEA,24/04/2023,Engineering Goods,Other,Nortek Technical Furniture Systems Ltd,5146764,"1,380.00"
DESNZ,UKAEA,26/04/2023,Hired Agency Staff - Rullion CMF/PO,Support Services,Rullion Engineering Ltd,5146767,"7,888.52"
DESNZ,UKAEA,26/04/2023,Facilities,Property,SPIE Limited,5146771,"11,725.40"
DESNZ,UKAEA,26/04/2023,Engineering Goods,Other,Keith Rhodes Machinery Installations Ltd.,5146773,"15,750.00"
DESNZ,UKAEA,26/04/2023,Hired Agency Staff - Rullion CMF/PO,Fusion,Rullion Engineering Ltd,5146775,"6,941.90"
DESNZ,UKAEA,26/04/2023,Engineering Goods,Fusion,FTI Ltd,5146777,"2,515.83"
DESNZ,UKAEA,26/04/2023,Engineering Goods,Fusion,Inficon Ltd.,5146779,"9,234.50"
DESNZ,UKAEA,26/04/2023,Engineering Goods,Fusion,ABB Ltd,5146781,"6,227.26"
DESNZ,UKAEA,26/04/2023,Communications,Fusion,DMG Media,5146785,"2,445.00"
DESNZ,UKAEA,26/04/2023,Communications,Other,DMG Media,5146785,"12,000.00"
DESNZ,UKAEA,26/04/2023,Engineering Goods,Other,Rittal Limited,5146786,516.03
DESNZ,UKAEA,26/04/2023,Engineering Goods,Fusion,FISHERSCIENTIFIC,5146794,-733.96
DESNZ,UKAEA,26/04/2023,Professional Services,Fusion,Brunel University London,5146795,"18,000.00"
DESNZ,UKAEA,26/04/2023,Personnel Related,Support Services,Verifile Limited,5146796,"8,318.26"
DESNZ,UKAEA,26/04/2023,ICT,Fusion,Computacenter UK Ltd,5146797,616.35
DESNZ,UKAEA,26/04/2023,ICT,Other,Computacenter UK Ltd,5146801,"5,528.44"
DESNZ,UKAEA,26/04/2023,ICT,Other,Computacenter UK Ltd,5146802,"3,327.10"
DESNZ,UKAEA,26/04/2023,ICT,Fusion,Computacenter UK Ltd,5146803,523.85
DESNZ,UKAEA,26/04/2023,Hired Agency Staff - Rullion CMF/PO,Support Services,Rullion Engineering Ltd,5146808,"9,673.35"
DESNZ,UKAEA,26/04/2023,Personnel Related,Fusion,WR Group Limited,5146811,984
DESNZ,UKAEA,26/04/2023,Engineering Goods,Other,RARUK Automation Ltd,5146812,"19,858.00"
DESNZ,UKAEA,26/04/2023,Facilities,Fusion,British Engineering Services Ltd,5146813,666.27
DESNZ,UKAEA,26/04/2023,Hired Agency Staff - Rullion CMF/PO,Other,Rullion Engineering Ltd,5146818,"5,877.00"
DESNZ,UKAEA,26/04/2023,Hired Agency Staff - Rullion CMF/PO,Fusion,Rullion Engineering Ltd,5146819,"7,923.60"
DESNZ,UKAEA,26/04/2023,Hired Agency Staff - Rullion CMF/PO,Fusion,Rullion Engineering Ltd,5146820,"8,328.15"
DESNZ,UKAEA,26/04/2023,Consultancy - Other (per Cabinet Office definition),Property,Pink Elephant EMEA Ltd,5146821,"7,450.00"
DESNZ,UKAEA,26/04/2023,Consultancy - Other (per Cabinet Office definition),Property,Pink Elephant EMEA Ltd,5146822,"4,470.00"
DESNZ,UKAEA,26/04/2023,Hired Agency Staff - Rullion CMF/PO,Fusion,Rullion Engineering Ltd,5146823,"4,339.84"
DESNZ,UKAEA,26/04/2023,Learning and Development,Support Services,Premier People Solutions T/A Premier Partnership,5146825,"1,353.00"
DESNZ,UKAEA,26/04/2023,Learning and Development,Support Services,Premier People Solutions T/A Premier Partnership,5146826,895
DESNZ,UKAEA,26/04/2023,Hired Agency Staff - Rullion CMF/PO,Other,Rullion Engineering Ltd,5146828,634.8
DESNZ,UKAEA,26/04/2023,Hired Agency Staff - Rullion CMF/PO,Fusion,Rullion Engineering Ltd,5146830,"3,167.86"
DESNZ,UKAEA,27/04/2023,Engineering Goods,Fusion,Amada Weld Tech GmbH,5146831,"31,989.00"
DESNZ,UKAEA,26/04/2023,Hired Agency Staff - Rullion CMF/PO,Support Services,Rullion Engineering Ltd,5146832,"8,515.52"
DESNZ,UKAEA,26/04/2023,Hired Agency Staff - Rullion CMF/PO,Support Services,Rullion Engineering Ltd,5146833,"7,147.80"
DESNZ,UKAEA,26/04/2023,Hired Agency Staff - Rullion CMF/PO,Support Services,Rullion Engineering Ltd,5146834,"10,779.40"
DESNZ,UKAEA,26/04/2023,Construction,Property,McLaughlin & Harvey Ltd - PBA: Offices,5146836,"3,589,075.79"
DESNZ,UKAEA,26/04/2023,Operational Goods,Fusion,Arco Ltd,5146839,"3,561.60"
DESNZ,UKAEA,26/04/2023,Research,Fusion,King's College London,5146842,"40,765.22"
DESNZ,UKAEA,26/04/2023,Hired Agency Staff - Rullion CMF/PO,Fusion,Rullion Engineering Ltd,5146843,"4,257.25"
DESNZ,UKAEA,26/04/2023,Construction,Property,McLaughlin & Harvey Limited PBA OAS Phase 3,5146845,"1,310,829.00"
DESNZ,UKAEA,26/04/2023,Research,Fusion,King's College London,5146846,"56,703.73"
DESNZ,UKAEA,26/04/2023,Hired Agency Staff - Rullion CMF/PO,Support Services,Rullion Engineering Ltd,5146850,"3,762.00"
DESNZ,UKAEA,26/04/2023,Engineering Goods,Fusion,EM Electronics Ltd,5146852,"12,647.50"
DESNZ,UKAEA,26/04/2023,Engineering Goods,Fusion,Budget Forktrucks Ltd,5146854,606.67
DESNZ,UKAEA,26/04/2023,Engineering Goods,Fusion,Budget Forktrucks Ltd,5146855,606.67
DESNZ,UKAEA,26/04/2023,Engineering Goods,Other,Mouser Electronics,5146857,"1,601.68"
DESNZ,UKAEA,26/04/2023,Engineering Goods,Fusion,Budget Forktrucks Ltd,5146859,736.67
DESNZ,UKAEA,26/04/2023,Engineering Goods,Other,Mouser Electronics,5146860,"1,088.21"
DESNZ,UKAEA,26/04/2023,Engineering Goods,Other,Mouser Electronics,5146863,634.17
DESNZ,UKAEA,26/04/2023,Engineering Goods,Fusion,Hague Fasteners Limited,5146865,998.25
DESNZ,UKAEA,26/04/2023,Hired Agency Staff - Rullion CMF/PO,Fusion,Rullion Engineering Ltd,5146873,"2,421.65"
DESNZ,UKAEA,26/04/2023,Engineering Goods,Property,Budget Forktrucks Ltd,5146874,"1,256.67"
DESNZ,UKAEA,26/04/2023,Engineering Goods,Other,Budget Forktrucks Ltd,5146875,615.33
DESNZ,UKAEA,26/04/2023,Engineering Goods,Fusion,Budget Forktrucks Ltd,5146876,"1,430.00"
DESNZ,UKAEA,26/04/2023,Professional Services,Other,Paymaster (1836) Ltd RE:UKAEA Recharges,5146877,"12,376.98"
DESNZ,UKAEA,26/04/2023,Hired Agency Staff - Rullion CMF/PO,Fusion,Rullion Engineering Ltd,5146882,"12,558.00"
DESNZ,UKAEA,26/04/2023,Hired Agency Staff - Rullion CMF/PO,Fusion,Rullion Engineering Ltd,5146883,"15,450.00"
DESNZ,UKAEA,26/04/2023,Engineering Goods,Fusion,Mirion Technologies (Canberra UK) Limited,5146885,"9,449.00"
DESNZ,UKAEA,26/04/2023,Professional Services,Other,Government Actuary's Department,5146886,"30,173.02"
DESNZ,UKAEA,27/04/2023,Research,Other,"UT-Battelle, LLC dba Oak Ridge National Laboratory",5146888,"62,270.57"
DESNZ,UKAEA,27/04/2023,Research,Other,"UT-Battelle, LLC dba Oak Ridge National Laboratory",5146889,"2,496.42"
DESNZ,UKAEA,26/04/2023,ICT,Property,boxxe Limited,5146890,"11,212.44"
DESNZ,UKAEA,26/04/2023,Hired Agency Staff - Rullion CMF/PO,Other,Rullion Engineering Ltd,5146892,"2,606.40"
DESNZ,UKAEA,26/04/2023,Professional Services,Fusion,Jacobs U.K. Limited,5146896,"23,303.25"
DESNZ,UKAEA,26/04/2023,Engineering Goods,Fusion,Leybold UK Ltd,5146897,"26,000.00"
DESNZ,UKAEA,26/04/2023,Construction,Property,Mildren Construction Ltd,5146898,"185,886.20"
DESNZ,UKAEA,26/04/2023,Construction,Support Services,Altrad Babcock Limited,5146900,"39,614.00"
DESNZ,UKAEA,26/04/2023,Travel,Fusion,Rullion Engineering Ltd,5146901,703
DESNZ,UKAEA,26/04/2023,Engineering Goods,Fusion,Budget Forktrucks Ltd,5146902,"1,256.67"
DESNZ,UKAEA,26/04/2023,Hired Agency Staff - Rullion CMF/PO,Fusion,Rullion Engineering Ltd,5146904,"7,473.00"
DESNZ,UKAEA,26/04/2023,Hired Agency Staff - Rullion CMF/PO,Fusion,Rullion Engineering Ltd,5146906,"2,782.80"
DESNZ,UKAEA,26/04/2023,Learning and Development,Fusion,Pilz Automation Technology,5146908,"1,500.00"
DESNZ,UKAEA,26/04/2023,Hired Agency Staff - Rullion CMF/PO,Fusion,Rullion Engineering Ltd,5146909,"4,959.83"
DESNZ,UKAEA,26/04/2023,Engineering Goods,Fusion,Repair Maintenance and Overhaul Ltd,5146910,658.32
DESNZ,UKAEA,26/04/2023,Hired Agency Staff - Rullion CMF/PO,Fusion,Rullion Engineering Ltd,5146911,"5,784.95"
DESNZ,UKAEA,26/04/2023,Personnel Related,Other,Department for Business Energy and Industrial Strategy,5146912,"92,148.29"
DESNZ,UKAEA,26/04/2023,Hired Agency Staff - Rullion CMF/PO,Support Services,Rullion Engineering Ltd,5146913,"5,359.44"
DESNZ,UKAEA,26/04/2023,Hired Agency Staff - Rullion CMF/PO,Fusion,Rullion Engineering Ltd,5146915,"4,667.16"
DESNZ,UKAEA,26/04/2023,Hired Agency Staff - Rullion CMF/PO,Fusion,Rullion Engineering Ltd,5146916,"1,449.90"
DESNZ,UKAEA,26/04/2023,Hired Agency Staff - Rullion CMF/PO,Fusion,Rullion Engineering Ltd,5146917,"6,936.17"
DESNZ,UKAEA,26/04/2023,Hired Agency Staff - Rullion CMF/PO,Support Services,Rullion Engineering Ltd,5146918,"3,070.52"
DESNZ,UKAEA,26/04/2023,Hired Agency Staff - Rullion CMF/PO,Fusion,Rullion Engineering Ltd,5146919,"1,515.39"
DESNZ,UKAEA,26/04/2023,Engineering Goods,Fusion,BOC Ltd,5146920,"95,653.60"
DESNZ,UKAEA,26/04/2023,Learning and Development,Fusion,Sundry Supplier,5146922,"1,800.00"
DESNZ,UKAEA,26/04/2023,Professional Services,Other,Equiniti,5146923,"1,769.19"
DESNZ,UKAEA,26/04/2023,Engineering Goods,Fusion,Edm Precision Technologies Ltd,5146925,840
DESNZ,UKAEA,26/04/2023,Engineering Goods,Fusion,Edm Precision Technologies Ltd,5146925,"2,930.00"
DESNZ,UKAEA,27/04/2023,Consultancy - Other (per Cabinet Office definition),Other,Elyse Anna Franko-FILIPASIC,5146926,"1,190.69"
DESNZ,UKAEA,27/04/2023,Consultancy - Other (per Cabinet Office definition),Other,Elyse Anna Franko-FILIPASIC,5146927,"9,504.53"
DESNZ,UKAEA,26/04/2023,Hired Agency Staff - Rullion CMF/PO,Fusion,Rullion Engineering Ltd,5146931,"3,579.00"
DESNZ,UKAEA,26/04/2023,Engineering Goods,Fusion,ES Precision,5146932,"1,851.00"
DESNZ,UKAEA,26/04/2023,Engineering Goods,Fusion,BOC Ltd,5146933,672
DESNZ,UKAEA,26/04/2023,Hired Agency Staff - Rullion CMF/PO,Other,Rullion Engineering Ltd,5146934,"7,201.67"
DESNZ,UKAEA,26/04/2023,Engineering Goods,Fusion,BOC Ltd,5146935,"4,390.47"
DESNZ,UKAEA,26/04/2023,Engineering Goods,Fusion,Screwfix Direct Ltd,5146936,604.14
DESNZ,UKAEA,26/04/2023,Hired Agency Staff - Rullion CMF/PO,Fusion,Rullion Engineering Ltd,5146938,"2,552.55"
DESNZ,UKAEA,26/04/2023,Research,Fusion,King's College London,5146940,"15,857.97"
DESNZ,UKAEA,27/04/2023,Engineering Goods,Fusion,LEM Europe GmbH,5146944,"1,286.95"
DESNZ,UKAEA,26/04/2023,Hired Agency Staff - Rullion CMF/PO,Fusion,Rullion Engineering Ltd,5146946,"6,172.52"
DESNZ,UKAEA,26/04/2023,Hired Agency Staff - Rullion CMF/PO,Support Services,Rullion Engineering Ltd,5146947,"14,765.65"
DESNZ,UKAEA,26/04/2023,Hired Agency Staff - Rullion CMF/PO,Other,Rullion Engineering Ltd,5146948,"10,910.11"
DESNZ,UKAEA,26/04/2023,Engineering Goods,Property,Edmundson Electricals Ltd,5146951,"1,115.91"
DESNZ,UKAEA,26/04/2023,Hired Agency Staff - Rullion CMF/PO,Fusion,Rullion Engineering Ltd,5146954,"3,882.44"
DESNZ,UKAEA,26/04/2023,Professional Services,Property,Burges Salmon,5146956,"9,368.00"
DESNZ,UKAEA,26/04/2023,Engineering Goods,Other,TPS Weldtech LTD,5146957,"9,921.75"
DESNZ,UKAEA,27/04/2023,Research,Fusion,CompX,5146964,"8,918.94"
DESNZ,UKAEA,27/04/2023,Engineering Goods,Fusion,Alluxa,5147013,"2,711.35"
DESNZ,UKAEA,28/04/2023,Engineering Goods,Other,Hillmoore Fire Protection Limited,5147021,"4,105.78"
DESNZ,UKAEA,28/04/2023,Engineering Goods,Other,Hillmoore Fire Protection Limited,5147021,"9,398.40"
DESNZ,UKAEA,27/04/2023,Professional Services,Fusion,NRB SA,5147071,"7,346.40"
DESNZ,UKAEA,27/04/2023,Professional Services,Fusion,NRB SA,5147072,"10,101.30"
DESNZ,UKAEA,27/04/2023,Engineering Goods,Fusion,Teledyne Signal Processing Devices,5147076,"19,289.36"
DESNZ,UKAEA,27/04/2023,Engineering Goods,Fusion,PVA Industrial Vacuum Systems GmbH,5147078,"83,589.97"
DESNZ,UKAEA,5/4/2023,Relocation Costs,Support Services,Employee Expenses,20015680,855.9
DESNZ,UKAEA,5/4/2023,Relocation Costs,Fusion,Employee Expenses,20015696,"1,458.61"
DESNZ,UKAEA,12/4/2023,Relocation Costs,Fusion,Employee Expenses,20015773,"1,461.17"
DESNZ,UKAEA,12/4/2023,Relocation Costs,Fusion,Employee Expenses,20015773,"6,246.60"
DESNZ,UKAEA,17/04/2023,Travel,Other,Employee Expenses,20015817,"2,619.51"
DESNZ,UKAEA,19/04/2023,Other Employee Expenses,Support Services,Employee Expenses,20015865,624
DESNZ,UKAEA,24/04/2023,Other Employee Expenses,Fusion,Employee Expenses,20015915,"3,657.61"
DESNZ,UKAEA,24/04/2023,Other Employee Expenses,Fusion,Employee Expenses,20015921,"1,872.00"
DESNZ,UKAEA,26/04/2023,Relocation Costs,Support Services,Employee Expenses,20015949,681.69
DESNZ,UKAEA,26/04/2023,Relocation Costs,Support Services,Employee Expenses,20015949,724.09
DESNZ,UKAEA,26/04/2023,Relocation Costs,Support Services,Employee Expenses,20015950,"1,484.20"
DESNZ,UKAEA,Various,Employee expenses <£500,Various,Various,Various,"42,633.11"
DESNZ,UKAEA,Various,Supplier <£500,Various,Various,Various,"122,904.81"
